,return_usd
9,0.06297479916138839
32,3.038437294067475
33,1.0172576096252777
34,1.664323745918371
35,0.8483544448623279
36,0.549680885534664
54,1.1986989218232278
58,3.342939540143611
59,2.2153373244297656
62,1.0052535369222504
63,0.32721523678710734
64,-0.16640883833390552
78,0.9480219300356086
80,4.859282806785288
81,3.8476828646118975
82,1.7274164845275441
88,1.1680450633834465
117,1.4497854589010883
118,2.7740813577050027
119,2.2232496351603697
120,2.220496126493526
121,0.0543934838303317
122,0.0543934838303317
123,0.054204054013512186
125,0.11627078166538649
129,2.1263251275786863
130,1.4331779470187411
131,0.2631331995303682
132,0.29936357722561885
133,0.9401244391255523
139,1.0923259040254016
140,0.497618796278709
142,1.2347444629926896
176,1.653990539483159
177,1.0227026945677595
185,2.3071247730360778
186,0.9555114450274365
210,0.40513171920692675
216,0.6418538861723947
218,3.718278049348266
219,2.6196633331038606
220,2.102938317591234
221,1.531173622437975
222,1.5267951609074564
240,1.4641808997769619
254,1.0147233046592823
263,1.2179940456881901
264,0.6815805441884799
288,2.8706224625111467
289,1.8019902887933914
290,1.013526329598434
291,1.0160998670936454
294,4.602529702979114
295,3.7552311741623727
296,2.8485075537974662
297,2.1704812523607084
299,2.454447442303292
300,1.8657376710572107
301,1.6222751612355923
302,1.5768320726851857
303,1.8570789353486976
314,2.633082372198119
315,1.9912248931876877
316,0.710299239377511
317,0.5032570542660384
318,3.461059359798637
319,2.323230502304576
320,2.154699744921218
321,1.9078967068570971
322,1.33500106673234
338,0.597626978702533
339,0.12760134459372188
340,0.24271085680673848
351,0.027225986253591527
362,0.41124835286389166
372,1.844794579107197
384,1.781927964648099
392,-0.7139623202738653
393,-0.7763114218207141
399,4.132320911732392
400,2.4865136911383856
401,2.4865136911383856
402,2.255325756509785
403,1.4238791214471618
404,1.289645786064086
414,1.3962694441419687
415,0.9544339416521946
416,0.47094069006707573
417,0.36554548410692006
447,1.0701785200055622
448,0.8233417622177719
449,0.16254392918528018
450,0.16254392918528018
458,1.6891359453294938
459,1.1883615808117176
460,0.9942142726218487
482,1.1223613668389514
491,1.8992227724775836
492,1.3141268128178283
496,0.9555114450274365
513,0.7910449188364053
514,0.6021825451858515
520,1.0075198682647708
521,-0.3035404883862389
522,-0.7582191773036602
534,2.0292791864867716
535,1.7050389590234893
536,1.351469969965711
537,0.17286027300444168
538,0.15760186050348976
539,3.8632738404182367
540,2.3969402714751915
541,1.395303655277478
542,0.8356878673420555
543,0.4710655651921131
561,0.9957301807005806
562,-0.052346480372209236
563,0.6830968447064438
584,1.894977691813848
591,-0.019896631714456645
592,0.9522368586476242
595,2.244955980157409
596,1.7749523509116738
603,2.0395826249179483
604,1.1021061779223655
607,3.0684249589474315
608,2.691134602325765
609,2.280032688523534
610,1.8365416119999483
619,0.56360780920496
625,1.7784546851489764
626,1.3337634591065965
627,1.3337634591065965
628,1.8037703818941906
629,0.9536250515208451
644,0.25239162567319495
645,-0.03884478382356719
646,-0.1033625129951532
647,0.48384489543421627
675,1.7931418466373057
676,1.1000113095818171
693,2.1589571874036992
694,2.041557934202203
695,1.7547669384982112
704,2.3481987889544027
705,2.530517161040053
706,2.530517161040053
717,0.3285120669400362
723,0.02293497128249599
724,-0.36860294337559807
725,0.26658610915704656
726,-0.20346348054738259
727,-0.27246510664692064
728,1.326278928709904
745,0.27025611862840254
763,2.696180028531723
764,0.7431746741595934
765,0.3476947423579518
766,0.2908021997880245
773,2.2004083925024327
774,1.4463305745639499
793,1.6739701835521403
815,1.7059473728139074
816,0.32915985189808983
826,0.7528301827211191
830,2.2023005615916946
841,2.6666308059515047
908,1.175912778357898
909,0.8574320498677486
915,2.4374131445928517
916,2.05959591345913
917,1.6461554953692632
925,0.6667005305449618
927,1.9618397395996556
928,1.6741576671478748
929,1.22436349397367
930,1.22436349397367
933,0.1685606415439175
934,-0.2783920255446882
935,0.8454819268632247
936,0.8269347903580445
937,0.7761087012742925
938,0.2918483813211969
965,3.7228460036772093
966,0.6830968447064438
967,3.4376610926470375
968,2.7465142177764994
969,2.5237346576375184
970,1.5401735755323187
974,3.02881882654178
975,2.188038065809895
976,0.5185556698279011
977,0.4835366435283198
978,0.8558610910476916
979,1.4386733159647982
1004,1.066949608159268
1005,1.2957677219203325
1008,2.299339832829016
1019,1.1029694491095188
1020,0.897515576547821
1021,0.7491020927043918
1031,1.9427336808462383
1032,1.0840737815469867
1033,0.7154466880547123
1034,0.8977600952547202
1035,0.7407461593592243
1045,2.2608147322500027
1046,1.2725095718132704
1083,1.745628266884366
1084,1.2966704836115384
1085,1.5809355519613881
1086,1.143840561271181
1087,0.22689650018351695
1088,0.0036931718376176067
1089,-0.15665381004537687
1090,-0.92735167923358
1091,-1.41346002919266
1092,-1.168283961917429
1093,-1.0097775749676188
1094,-0.4536579507096495
1095,-0.6360109891891361
1096,2.9629507840296117
1097,2.2823823856765264
1104,2.4340430876137376
1105,1.5368672195992652
1127,0.7070993941779493
1132,0.8456536522747143
1133,-0.09530017985432451
1147,2.844060186143802
1148,1.0224509277025455
1149,0.8542876604324224
1150,1.7242476433086147
1151,0.9902844117824815
1152,0.29713723122253616
1181,1.460079066742903
1182,1.2478939913838643
1183,1.0842766899007434
1184,0.7340971668888995
1190,3.209031528393189
1191,2.186399530697386
1192,1.9922483299774587
1213,2.173364395956608
1214,1.2570679743600826
1222,2.747270914255491
1233,1.2849535334582147
1243,4.654577302660326
1244,2.8503943140499772
1249,-0.8257647051747843
1250,-1.0954173977715906
1251,-1.1631508098056809
1257,1.9958968759694913
1258,0.2817897467469431
1259,0.2115566820622896
1260,0.023521195041345866
1267,1.2996465543942184
1268,0.6729444732424258
1276,2.7595984629827868
1280,2.779725693364553
1281,1.3232214321439295
1282,0.7718659352713361
1283,0.5315689849038904
1284,-0.1755445725149309
1288,2.046982914005677
1289,2.055827409819998
1303,0.22314355131420976
1308,1.4549104949834677
1309,0.5060944493900893
1310,1.6833944445499298
1315,3.3054864549028284
1316,2.5635483765459086
1317,2.09865576060364
1318,0.8599319982047708
1319,2.488757558844042
1320,1.807042092759212
1321,1.6813491879010847
1322,1.016389428410277
1333,2.866192902199006
1334,0.1253101909654466
1335,0.14833379450569342
1336,0.2224232919897266
1337,0.1225715523881807
1347,2.6028452289024284
1348,0.3014370376841166
1349,-0.763784260159386
1360,1.0224509277025455
1364,1.5688867145784522
1366,3.863158338483451
1367,3.691306506438205
1368,0.4574881361753163
1369,0.5639492420882634
1370,0.11315009793265578
1371,2.013181539643924
1372,1.414954701613102
1373,0.6378987063294668
1374,0.2511477477238072
1375,1.1585150814011527
1376,1.0490718431079735
1377,0.6959432678619465
1395,3.172974284604647
1396,1.5854525496835892
1406,0.20481663462132554
1407,0.15315017949367474
1408,0.014100124378781626
1409,0.01380428097639708
1410,0.6941966296955167
1411,-0.14306238284183775
1412,-0.3662924730336923
1413,1.5778646825949942
1414,1.0479854388237198
1415,0.3671399937864965
1431,2.4911951688728746
1432,1.516642567779391
1438,-1.8220125123990758
1439,-1.9146052992269007
1440,1.8018088050810563
1441,1.290994181265566
1450,1.8714020968802516
1451,1.920182000482582
1463,0.2237833466015491
1470,2.381313090661149
1471,1.7834752496403574
1481,2.137049854300149
1482,1.1687911232893562
1483,0.23451860933571494
1484,-0.03822121282019774
1485,0.04879016416943205
1502,1.6278277775456915
1503,1.0147233046592823
1510,2.2474000249435773
1512,-0.8421113336999035
1513,1.978474139928576
1514,1.978474139928576
1515,1.9469667335304375
1516,1.2701818044362716
1517,0.451648703523757
1518,2.683805321597753
1519,1.6657237234446922
1520,0.8966184960766342
1551,0.7559341686587101
1555,0.8188542931826792
1556,0.7629996824587787
1557,0.8210565491819765
1560,2.6769997535774537
1561,1.8885382670545068
1562,2.1575361992892015
1563,1.6514815604317796
1582,1.8536382062739203
1589,1.6150620671843217
1590,1.1066796597458686
1591,0.8378966644461432
1597,2.5776909148813316
1601,2.119455209592146
1602,1.726402835750048
1603,1.0332556551901029
1604,0.8054932403914837
1636,4.1115637900541335
1637,3.594741836589689
1638,2.909564177266859
1649,1.6949548399568632
1659,0.15220593288933118
1660,-1.1548652302189082
1661,-1.305636458102436
1662,3.697512085499194
1663,2.3451176237127482
1664,1.6713981125568713
1665,1.4978804575719082
1666,0.19532004257961122
1679,1.1581382679821366
1680,0.5676406453202231
1681,0.44986469540484886
1692,0.3271431413326945
1693,-0.3509769228240947
1699,1.2738812565409032
1700,1.1428524346468332
1701,1.1444457050112817
1735,1.1886357913156982
1736,2.0275428008887
1740,1.2663840644473332
1741,2.4901760752807762
1742,2.573558347382563
1743,2.0527766729703463
1744,0.4207477316393212
1754,2.164517714034955
1762,1.146481393872298
1763,1.123890095852378
1764,0.532861050626603
1777,-0.5171790977381661
1780,1.303809089480947
1794,0.67985928623301
1795,0.44750236389922204
1804,-0.4054151093581228
1811,1.796249374500907
1812,1.9441657713699636
1813,0.7387895384386464
1814,1.578731251654938
1815,0.8855840710949928
1833,0.0
1841,1.0649176121440125
1842,0.8043754472456546
1843,0.6643360987058257
1844,0.12239460821360598
1850,2.694742039038471
1851,1.0437688402855778
1873,-0.04772073621141173
1874,-0.28024314335478245
1876,-0.9210520489758656
1877,1.4171387444148718
1878,0.8641971173158354
1879,0.43340447679740585
1880,0.3107880611662562
1934,-0.05519563546795001
1949,1.374398889706824
1950,0.9913982043609605
1963,2.5336968139574325
1976,1.6461554953692632
1977,1.6461554953692632
1978,1.6461554953692632
1979,1.6614229675000516
1980,1.5295068651929724
1981,1.0499471166868286
1984,0.23190505698278244
1985,0.23190505698278244
1986,0.23190505698278244
2018,1.0340737675305385
2019,2.1052554765728155
2020,1.831957268979282
2023,1.626216363672918
2024,1.405729273758498
2025,0.8941269191724331
2031,-0.4085699230616432
2032,-0.23863797227285846
2033,-0.4428554973267235
2034,2.2872785431766576
2035,0.7674658448022446
2036,0.3021025951130112
2037,0.27193371548364176
2038,1.285091855610728
2040,1.0410537948068213
2041,1.7144103528004506
2046,1.1530057724984413
2047,0.3992458082942475
2048,0.09239684926596758
2049,0.017545179215748864
2054,0.5877866649021191
2090,0.6082426734695013
2091,1.2315393320437413
2092,1.8521173888159455
2093,3.270496265737505
2094,0.6912954671964708
2112,1.9540908811455073
2129,0.24286774416193946
2130,-0.3902317274675752
2131,0.6007577312665978
2132,0.0769610411361284
2136,0.7313577683236974
2142,2.9387173788264467
2143,1.9772980680111325
2144,1.2772325597026402
2145,0.5273877120649689
2165,1.7463784871877133
2191,1.7652957057422025
2192,1.3975557133969085
2193,1.464250277573782
2211,1.275195188601171
2212,-0.0990471536012343
2224,-1.783791299578878
2225,-2.694147295933219
2226,-2.966173471312447
2233,1.5107219394949427
2234,0.6265264932180497
2235,-0.4284778824172373
2245,2.0183105416756044
2246,1.32948588604423
2247,0.4159433523957917
2263,2.5587223173201266
2264,1.7291391072463878
2265,1.2366626221485935
2266,-0.1805631037790914
2278,1.6164333869464866
2279,1.0002641656503335
2280,1.0770481107522691
2281,0.7427465410512295
2284,2.146679540945513
2285,0.7416515896195603
2286,0.26105571638407066
2287,-0.15758992057477098
2305,1.7847348542910906
2306,1.2910766770377047
2314,0.25619140536041013
2320,0.9209598147224175
2321,1.0533359437984742
2322,0.8726731667184319
2333,0.7428416975837973
2336,2.0647719676953993
2340,2.0867770707779827
2341,1.1064481744358847
2342,0.3174350306011287
2345,1.7243546218773436
2346,0.4848306634889048
2363,0.814125107112848
2364,0.8526264951052677
2365,0.6800112811668048
2366,0.8584921131467831
2372,2.017699107844266
2373,1.5321896300481541
2374,0.9612258558679017
2375,0.7623466973609497
2376,0.1543506598299246
2380,-0.01562138090295678
2381,3.2759100087697077
2382,2.6340519665168447
2383,1.497298919162802
2395,1.8050211432112402
2396,1.658513750080693
2415,3.4539131638340597
2416,2.482052580805094
2417,2.212386825075897
2418,0.880663554231004
2419,0.6167519793062318
2441,0.7793248768009977
2442,0.3430931272153283
2443,-0.6150756451397899
2444,-0.6305480388034254
2449,1.811872505858612
2450,1.7812881693607596
2451,1.9345747165344218
2452,3.6250073775195255
2453,2.4640915100740806
2454,1.802930177230227
2466,3.0227587459394902
2469,-0.3307287619941472
2477,1.1085626195212779
2478,-0.17399630804796448
2479,0.4207477316393212
2480,0.09794307432996417
2481,3.3864999009015713
2482,2.7320921955824478
2483,2.1443042290198657
2484,1.1965251391907785
2489,3.0678994349809785
2490,2.5222104627589443
2491,1.2814059562224613
2492,0.840963555254164
2493,0.3245442371843472
2496,1.5035661550033552
2497,0.9186479514478333
2498,0.8754687373538999
2531,-3.9322257127456655
2535,1.618080457815442
2536,1.23471537166045
2566,0.7023546613108584
2573,0.0032945669494301114
2574,-0.3330979359822635
2626,1.684693796912867
2627,0.586062957950271
2628,-0.39097066195771185
2629,-0.7756596021344095
2631,0.1701646265233231
2632,-0.4508286498596945
2633,-0.4508286498596945
2634,0.24740680344988897
2635,0.24740680344988897
2636,0.13076506987955247
2647,2.870367443595862
2648,2.081913483911614
2649,1.6587803050497136
2656,-0.1408725588814155
2657,-0.29611755127288253
2658,1.2316852428924718
2659,-0.2764124801935502
2660,-0.35296753915041035
2661,-0.5672196239621546
2675,1.5935524032038768
2677,1.3247912285258407
2678,0.9803916572806788
2679,0.9840241439082453
2680,0.9380522236556679
2681,0.7663976422995381
2682,0.14323416808590772
2683,0.2741408018851135
2695,-0.3649951755544511
2696,-0.7040059238948212
2697,-0.7646431822650153
2709,1.5816349677720114
2710,1.1106396688808282
2711,0.28968007511445404
2712,0.05458287777029175
2714,1.7673130763231288
2715,0.8471978553868702
2716,-0.12386398722238602
2717,-0.4516137641341445
2718,-0.5579172312998412
2728,0.45546089442940413
2738,-0.8321793892555027
2739,-0.8794767587514388
2744,1.4972541714281484
2745,0.7890480949371484
2754,4.042526568800576
2755,2.466988745285478
2756,1.9163489182393914
2757,1.7100973955332777
2758,1.5040773967762742
2766,-0.4516137641341445
2767,-0.6572010537864762
2768,-0.9792305316480292
2769,0.10038817403126833
2770,-0.592759006528677
2771,0.6111776176926946
2772,0.20171560390058932
2773,2.936889500801202
2774,1.7429718050554979
2779,1.1125809378955054
2798,0.5679807042670504
2806,1.5198632530413057
2807,0.4238287921251223
2809,0.5089238164763944
2811,2.629115213014068
2812,1.3763450302662226
2813,0.2485773525710199
2814,0.0912108800533841
2823,-0.4778745236263048
2824,0.5570983360966694
2825,0.5089238164763944
2827,2.118662254833117
2834,-3.6343912688298667
2835,-3.6343912688298667
2836,-2.995732273553991
2837,2.4586995576188264
2838,0.6669571974697044
2839,0.20742059084897344
2840,-0.44021184443799916
2843,1.2912691407107806
2844,1.8508927835195632
2845,2.376978024542982
2846,3.4184346296817134
2847,3.455972773173315
2848,2.350651185563085
2849,1.6362161534667055
2850,1.6362161534667055
2868,1.6663096185106392
2869,0.9597332897169919
2870,0.09476457644442288
2871,-0.023063939598551693
2872,-0.19492059237046985
2873,1.847745900268082
2874,1.1954364733036495
2886,0.871335206072293
2887,0.15194825627205816
2894,-0.11777053573450778
2902,-0.6620361855348925
2903,-2.0923241675108497
2910,2.6099889071179114
2911,1.4912622997294303
2912,3.596240453531705
2913,1.659769744765103
2914,3.252492402609334
2915,2.318606069048225
2916,2.0654060027153713
2917,1.596697091783265
2918,1.2691985892436435
2921,-1.2830160116663887
2931,1.1349763614040356
2932,0.9808417529336019
2933,2.279879255458408
2934,2.009340914000347
2935,1.0822118673003287
2943,1.7663561875055191
2944,0.8554360836036639
2951,6.044524155643848
2952,4.517743450021591
2953,4.161468800011186
2954,4.035256051649114
2962,0.035174075007654085
2969,1.7320448499003973
2970,1.4424856407696331
2971,0.9724820115238975
2972,0.7268720499615662
2973,0.20457216572877446
2986,0.11234605983153843
2987,-0.4312445610956517
2988,0.01242251999855711
3012,0.8001164015571878
3019,3.665605709454219
3020,2.7493136981458814
3021,1.3553195568204601
3023,-1.332943185622896
3024,-1.332943185622896
3025,-2.404617818559197
3026,-2.916921093129701
3029,1.5238146624593059
3030,1.2361398526199592
3052,-0.2748316604729611
3053,-0.9926319651308778
3054,-1.516858731141007
3055,0.6523251860396901
3056,0.9968748314301937
3057,0.5708100406950023
3058,0.1516045841318941
3059,-0.5252626715637602
3068,-0.4761021877076051
3069,-0.49593701127224005
3070,-2.0402208285265546
3084,1.2944257523103633
3085,0.7282247071726414
3087,1.2243928880155
3088,0.7543833800305187
3089,-0.10125783207422699
3090,-0.16936584563373874
3097,1.1936193922464442
3098,0.5560666400115777
3102,1.6981079131465997
3107,4.80811592793197
3108,4.3738306390743436
3109,2.8127825194854394
3113,1.2667785751183274
3114,0.5736313945583822
3115,0.5736313945583822
3116,0.25974545375875824
3117,0.24584393683498548
3142,0.9118408458005243
3143,3.77677585602012
3146,2.4371684321287743
3147,1.9722738384863057
3148,1.8119378429161808
3149,1.5812441780633184
3150,1.6636040761778292
3155,-0.4525567156420149
3159,1.7112722183153684
3160,1.004704458445143
3190,3.2188758248682006
3242,2.814755811714073
3243,1.6393655786757892
3244,0.8661756904423074
3280,1.0608758068317123
3281,3.5288750077110125
3282,2.760218778984043
3289,3.743949856240519
3290,1.7980397071852054
3291,0.5888416637506315
3293,1.2549890603419005
3309,0.7732052727305244
3344,1.3328672127370296
3345,0.9198045511739517
3346,0.6758992871503919
3355,3.323055643777865
3356,1.4012322334840976
3361,2.5586526516764843
3362,1.4825813364313873
3365,1.6711725062389373
3366,1.1479419898009766
3367,0.9598864759918012
3394,-1.2039728043259361
3400,2.4852649189352776
3401,0.7966960561885041
3405,3.5478313099357552
3406,1.1404257914815201
3407,1.3312572251899821
3408,0.787365855798927
3410,2.1859051986534803
3411,1.0002641656503335
3422,0.2571970914390615
3432,3.503058782552073
3433,3.214466116379501
3434,2.8779954868281092
3435,2.634468244424241
3443,-0.1438703704197019
3444,-0.31676765334687745
3445,-0.3244843789758856
3446,-0.1542006810773
3448,2.0615066690434682
3449,1.5514273709305948
3450,1.2395908819276817
3451,1.1867452586593101
3452,0.6927971192956499
3453,0.7316464797105551
3454,0.7738973302450544
3457,0.0835136002278176
3468,1.8281396133208054
3469,0.7419373447293773
3492,1.4562867329399256
3521,0.21535328583914679
3522,0.21535328583914679
3523,0.0518331486400172
3542,2.341892340864629
3543,0.34117544489178087
3548,2.1307523359142633
3549,1.5981544934136138
3556,-1.407313728343966
3557,-2.335108284699606
3558,-1.4271163556401456
3565,1.6150819548191853
3566,0.7564036301949602
3567,0.6778812468895119
3569,2.9747894965340658
3570,2.6245888788412093
3571,0.10011679133477262
3573,2.114265584396455
3574,1.8806551808546352
3575,1.699150637495392
3576,1.0072642492088044
3577,0.14885094673235474
3583,2.134970851472316
3584,1.6649672222265808
3585,1.3364736661359347
3596,0.907169257424594
3602,3.2354379131671793
3603,0.6012511658554083
3604,-0.5819636515993304
3605,-0.6346896109883766
3606,-0.654888468442855
3607,-0.7614260213132397
3608,-0.8587296213496235
3609,-0.8587296213496235
3613,-1.7276585438215313
3614,-2.1328423184069516
3615,-2.497384171299113
3616,-0.03666398437159147
3654,-0.42052798578521017
3655,-0.8660730157135377
3656,-1.2160453855602051
3657,-1.2160453855602051
3658,-1.2251964407775626
3669,1.487654385472309
3676,-0.22414405164779325
3679,1.7218554685031797
3680,1.6971740267381872
3681,1.2091692792327535
3702,4.067906468832726
3703,2.929539050819192
3704,2.49775706176682
3705,1.804609881206875
3711,0.42565981539368364
3712,0.6559124939497195
3713,0.44250395554315075
3714,0.38137731257907437
3735,1.9129884127702195
3738,0.9821908256508585
3743,0.09984533496971612
3744,-1.0128016322549989
3749,1.4743052384426039
3750,1.57221360513583
3751,0.8807050041491462
3752,0.20016147492228564
3754,1.5506004427096058
3755,1.455283899267953
3758,1.847257245713477
3759,1.6859173561393188
3760,1.6262360307099812
3761,1.0271162869630397
3762,0.41482120303218933
3764,1.9068425670340046
3765,0.5527925625872971
3766,-0.2564418367157244
3768,1.6318254313117295
3769,0.9287330047640423
3770,0.6348822724279696
3775,-1.6697188433190304
3776,-1.4567168254164364
3777,-1.1763576372929627
3778,-1.1917149069304338
3784,1.684137138334301
3785,1.1580440424375218
3786,0.7621600518468995
3793,-0.2150513814168735
3794,-0.11709577187624727
3795,-0.12488318214669017
3804,-2.595614771772422
3805,1.467321199762264
3806,1.0574082767440525
3807,0.6519605362296954
3819,4.8588763074449055
3820,4.332965058675591
3837,0.5382462193419829
3838,0.037488444410991605
3845,1.0777631139321486
3846,2.1509246433017
3847,1.7401503354948247
3848,1.3864693458091768
3849,0.6775257996569886
3853,2.208186497570398
3854,0.4318473493822828
3864,0.5042238801314283
3865,0.40759616911711855
3866,0.03979746987406606
3878,2.2319694769977008
3879,1.3277379116598669
3880,0.7971017082797947
3881,0.560244161895718
3882,-0.4538153690492111
3885,2.9072780379625236
3886,2.210140802602766
3887,1.683673019362997
3888,1.6349497016028238
3889,1.6375976782279569
3907,2.233974291366252
3908,1.5408378209418436
3909,-0.6477914788391481
3910,-0.8843076860211043
3914,0.13400627984773383
3921,-0.6707987768961836
3922,-0.14306238284183775
3923,-0.4257188371354324
3936,-3.653512310276645
3967,0.6870788051583385
3968,-0.004912044361020641
3969,0.7310208329880268
3970,-0.9270989305907585
3972,3.390379074226276
3973,2.6972318936663306
3974,1.0476347339032421
3986,1.1394662826763757
3987,0.9149298062348136
3988,1.3089272375434475
3990,1.6451524862580942
3991,2.6164903134861044
3992,2.6164903134861044
3993,1.1405856201455329
3994,0.6397991450580208
3995,0.5674705724719433
3999,2.0694038320092503
4000,1.5527617352405436
4022,1.4025613335837626
4023,0.9350732311735221
4030,0.412970207593938
4031,2.930777665864415
4032,2.9393418000664733
4033,2.910631796903525
4041,2.91553038654543
4042,2.3439381464775244
4043,1.2342789000896432
4051,3.865979066926739
4053,2.188856327665703
4094,0.3566949437387351
4095,2.874383513250752
4096,1.5711959201772325
4097,0.4832282965738864
4110,1.851599469584072
4111,1.4691868504594505
4114,0.06485097231961626
4131,0.8883026953339863
4132,-0.10536051565782628
4136,5.051617915715288
4137,3.187537880892183
4138,3.202136500863903
4139,2.8355107031049
4141,0.08617769624105241
4169,1.2388668633032567
4170,1.1526900361987737
4178,0.9082182367832686
4179,0.171766042854438
4180,1.7011415966443135
4181,1.604807207249406
4198,-2.626931149817418
4199,-1.8971199848858813
4200,-2.084253098677058
4201,-2.1136189934814222
4231,1.2419619902299706
4232,1.179485420674665
4233,1.0999447339018884
4234,0.8032116154222543
4264,0.2481092973319578
4265,-0.2539894314853112
4266,-0.12047415346787453
4291,3.3983700552055502
4292,1.466836943835078
4293,0.456538378292165
4294,0.4077292097612315
4310,2.1373330200956135
4325,2.0113366686626564
4326,1.599589576379286
4327,1.1239225966242745
4335,1.466052412898166
4336,-0.25154302583590776
4337,-0.014504686202881688
4338,-0.014504686202881688
4339,0.11332868530700327
4340,0.07352923328811553
4341,3.5261869801464263
4342,2.1324252814591302
4343,0.6279684545349509
4344,-0.18236155759397593
4348,2.160445325832923
4349,1.349526636927676
4350,0.9725576373274577
4351,0.4962194713766286
4361,1.3008181687674394
4362,0.5470804044251619
4363,-0.06187540371808753
4364,-0.06187540371808753
4365,1.0374458534306223
4366,-0.37149855854489156
4372,2.780408071291913
4373,1.6732761884572782
4374,1.4309808787422966
4375,0.12575120530556025
4376,0.625564029236149
4377,0.041429809763139556
4378,0.041429809763139556
4421,2.590999397298639
4422,1.7520479689918271
4423,1.4172841778066345
4424,0.46618384314287026
4425,0.26551314768071904
4426,4.276536944006656
4427,2.5239430510851
4428,1.1415121229833305
4430,0.8928992724167845
4431,-0.25631261270572353
4432,-0.432322562278047
4433,-1.348613294152202
4434,-1.7231666777624433
4435,-2.1821389399181785
4436,-2.096384262410148
4437,2.3542853045795624
4438,1.6782547684312346
4439,1.1991813435898053
4454,0.8797927088339544
4457,1.6835244557867985
4458,1.475883662405492
4459,1.3217291729600908
4464,0.91344669142242
4465,0.6455837636283357
4467,3.5511019165046087
4468,3.112848420222671
4469,2.261981824551498
4470,0.9402416060299416
4475,0.9890578054250354
4476,0.8555210995442039
4481,4.521164469290825
4482,2.771963526845863
4483,1.4161201180171321
4501,0.1887177242991925
4514,0.40839414761404425
4515,-0.7550225842780328
4526,2.465061021567294
4527,2.539631549477247
4528,1.3131320954909065
4529,2.302585092994046
4553,0.0
4554,0.0
4555,3.8093433375290737
4556,2.9004870916372574
4557,1.7067823852968491
4559,-2.10701830945007
4560,-2.10701830945007
4561,-1.66812690878278
4562,-1.66812690878278
4563,-1.7561992938295041
4564,-1.8476951015583585
4622,3.6477501207032557
4623,2.218638106868125
4624,1.378514173800928
4628,0.0
4656,-0.09156719352549052
4657,-0.27958163641791284
4672,2.573237988577965
4673,2.449788841530676
4674,1.1469896692414159
4678,2.407476498636973
4679,0.3970296292870628
4680,0.676357011252471
4681,2.1489442831609873
4682,1.423084237566742
4683,0.4701286214338866
4689,2.0693785794839963
4690,1.2395329797244867
4691,0.7238218648278643
4692,0.05363554916590934
4693,-1.4443472925685077
4694,-1.7579379207525443
4695,-2.482908647125327
4696,-3.2441936328524905
4697,-2.7379940774752822
4698,-2.478129665508977
4699,-2.5034780353734356
4700,-2.5395740511303084
4711,1.0979787546945015
4725,1.7478598269380368
4726,1.0546952316016531
4727,0.41283786243757753
4728,0.3898775847664506
4729,1.0609796471945547
4730,1.6505990494390412
4731,1.335974277219875
4732,1.1880568142605352
4738,1.7770687538180514
4739,0.8607780219438964
4740,0.8607780219438964
4763,0.2700271372130602
4764,2.0385674624698633
4772,1.4659600746631458
4773,0.2612867610922493
4774,0.13444347654949063
4775,1.0739096760277378
4776,0.7583261215849167
4791,1.3599247180997471
4792,0.27967510204986457
4803,0.25974545375875824
4804,-1.1208578976154293
4805,-1.452006904485272
4834,2.753826303738794
4835,2.0711573220921387
4836,1.8313807431717912
4837,0.8099964470562377
4838,-0.43680098841801723
4839,0.9886113934537812
4840,0.8921209825669502
4841,0.32721523678710734
4842,-0.8038553025443669
4854,0.45881628360515897
4855,0.5679807042670504
4859,0.45476307982945074
4865,3.769719536107749
4866,3.0408538117750292
4867,1.992398346002179
4868,1.7172873282087977
4870,1.1976730021774078
4873,2.417528545291377
4874,1.7288374186754343
4875,0.6735565307949412
4876,0.9918062843503004
4887,-0.2898176845822026
4888,-0.2898176845822026
4889,-0.34644176765870327
4906,-0.2436013932166059
4907,0.48495381619842015
4922,-1.7885645783315358
4923,-0.7804495089627419
4924,-0.6479826286055717
4925,1.3312308103448376
4953,2.9649379583805806
4954,1.9505849195548317
4955,1.0839046597958353
4956,0.6820356758052266
4957,0.4173278006506765
4958,1.4996453676063457
4959,0.8710422884009864
4965,1.579885510172076
4978,-0.15864409343959798
4982,0.5958099476709879
4983,0.5958099476709879
5034,3.9364677824317664
5035,0.9470139045169956
5036,0.45450920828708685
5040,1.9609113519733672
5041,1.4219269137485966
5042,1.1683249010794101
5085,1.2992920749980297
5104,0.6072624414027756
5105,0.19515551477404103
5108,2.2077248119700856
5109,0.987866930363377
5111,1.7047480922384253
5118,1.7897741664847377
5147,0.6310589882465235
5153,0.07380792714471986
5162,2.6888198100476375
5175,3.1428151782552365
5176,1.7728993975866985
5177,1.1317246401183119
5186,2.3096202878750427
5187,1.7499995349798234
5188,1.0873153849258126
5191,0.689038752515402
5192,0.44647908419877846
5211,0.8077696713966431
5220,1.714806428059927
5221,1.0216592474999815
5222,1.0216592474999815
5254,1.6863989535702286
5264,0.3049078531168494
5270,-0.3325399780936079
5271,0.042676274280436396
5272,-0.7127378303249494
5273,-0.6863701962809217
5274,-0.07020789504349646
5300,2.4603321552214203
5305,0.5569264606486539
5306,-0.31676765334687745
5307,-0.7497175320483397
5308,-0.8869746775401021
5309,-1.1335143406773744
5320,1.228323895189767
5321,0.1986869108802189
5326,3.4178938827495653
5327,2.801704465179999
5328,1.9262320854293289
5329,0.9162907318741551
5330,3.284037901554596
5331,2.2342205954673897
5332,1.9071247697019498
5333,1.1959507132230236
5334,1.3748541709773348
5340,4.890479946732309
5341,4.184686359422762
5342,3.604867211584708
5343,2.8792321645951104
5344,1.8811125467400645
5345,1.657961374374988
5346,0.6339808698907294
5355,-2.2633643798407648
5356,-2.3025850929940455
5397,4.099725061341055
5398,2.9032276544810665
5399,1.8509556202853754
5400,1.1129095933689341
5411,4.06351930836915
5412,2.718383296975329
5413,1.6924914675693858
5424,-0.27825993387287606
5426,1.4115721683041593
5427,1.1143215823732895
5428,0.3629054936893685
5432,-0.1923718926474561
5433,-0.5108256237659907
5434,0.9044610361205764
5444,-0.6747180450915782
5454,3.178003829097904
5455,2.690537749350912
5474,1.1991210535949117
5475,0.7956135121044356
5477,-0.5703987153008918
5488,0.4569817108938718
5489,0.14954006726957506
5490,0.015971769509698665
5491,-0.590229646553259
5492,-1.4709811692870844
5495,1.785372448903204
5496,1.2055515574391507
5497,0.704779264789653
5498,0.2588967210200277
5511,1.9368405730808136
5519,-0.2876820724517809
5524,-0.2851519425981558
5542,1.9418447536653896
5544,2.041544951488686
5545,2.040193828162048
5546,2.0393744704665946
5547,2.0311962290518415
5577,0.8696183236757244
5578,-0.6232480531802781
5580,3.4861633348647483
5581,2.379018217028681
5582,0.13339388317053102
5583,0.46007954804804224
5586,2.0996607488612318
5587,1.1793624383532189
5605,1.1439361346317725
5606,1.2822108075765677
5607,0.7821191343622091
5608,0.13260596454802168
5617,1.2704906153762476
5618,0.8780071794485468
5630,-0.6678693733756768
5631,-1.1786299966541411
5633,0.13531729694762962
5634,-0.02255240447051149
5639,3.678930123260268
5640,3.005984539018336
5641,1.0302620677798766
5645,0.49310961796021074
5646,-0.24334625863172915
5647,0.30836666364461357
5653,2.5729709444873987
5654,2.6347695789077954
5655,2.0044755091899225
5656,0.9727466768183702
5677,2.262023481237923
5697,3.483612657184761
5698,2.7041358834803324
5699,1.7656037034175438
5700,1.0432405131331233
5711,3.9373944119760074
5712,2.812464269019639
5713,2.575333714446845
5737,1.377858882298789
5738,0.7900470052999047
5751,-1.2729656758128873
5752,6.490475855881248
5753,1.6864545075826314
5793,2.098177423734985
5794,0.9995651350668755
5795,0.9344056612993262
5796,0.15734557072377758
5797,-0.27496330004400615
5821,1.2012290436548727
5835,3.31026560265645
5836,2.4431640927912093
5837,1.7500169122312639
5838,0.4816233579577778
5848,1.2628830162046558
5849,0.7759706337590583
5851,1.1402979101552164
5852,0.1636482915283333
5854,2.8568494446453285
5855,1.057859736181145
5856,0.5727858238887615
5857,0.6887374720712451
5858,0.24545283823404435
5860,3.106772628342982
5861,2.470444238124438
5862,1.7944890737989212
5866,1.45322844809699
5874,2.3073935139863506
5875,2.158968731881687
5876,1.7251031515861484
5884,0.9360541427151052
5885,0.47399565051527304
5886,-0.164874643190234
5887,-0.34164559539521033
5889,-0.24846135929849958
5890,2.6385357650526773
5891,2.168527847847603
5892,1.7686273051710084
5893,0.8665120793110079
5894,0.4079287375461374
5907,-0.11093156070728166
5908,-0.44738145120945594
5909,-1.2528129697454096
5932,2.691853066199639
5933,2.710201219336179
5934,1.935138052073402
5938,0.8337348688695921
5939,0.41277168329060243
5940,0.0003999200213268913
5950,2.9562739321693576
5951,1.7623478228252258
5952,1.3732344505311027
5953,0.6969897882773955
5967,0.5923318753211291
5968,-0.3579614854641975
5969,-2.2164073967529934
5970,-2.209094749906707
5981,0.6678293725756554
5982,1.9539208348074706
5983,1.1066135265535952
5984,0.5958099476709879
5991,-0.4045155590725762
5992,0.47000362924573563
5993,2.343525480505574
5994,0.8771756131455863
5995,0.6513872463117136
6004,3.0533783462468085
6005,1.385669165725972
6006,0.6011963518120367
6007,0.517066111355445
6016,0.626900534741019
6017,-0.06368555168613305
6018,-0.06827884075329438
6019,-0.13375999017952425
6020,-0.13375999017952425
6021,-0.3291987526547145
6023,1.8325174617002227
6024,0.8859139952154385
6025,0.5478323493950864
6026,0.11154137473290751
6027,0.09567375006828246
6028,1.9568642192750085
6029,0.7656538713466934
6030,0.4014570867106256
6031,0.18706031114112806
6036,1.6276117630129647
6037,0.9344449424541971
6043,1.3918787394137913
6044,0.8501081934137071
6045,0.7615999061943877
6059,-0.044997365930735805
6060,2.783293718756221
6061,1.9906103279732204
6062,1.6460783765290925
6063,2.157050521006819
6064,1.55546735315857
6065,0.14219376570317532
6066,-0.07407720339631574
6071,-1.1469625496091562
6072,-1.9689740886538651
6073,-2.033321606066283
6074,-2.168054200036439
6080,3.387933132508988
6081,2.8666367422190384
6082,0.4001845236642389
6086,1.6882121235983256
6087,0.5638354440796057
6088,0.559215707914083
6089,0.5306282510621704
6102,1.7677399633838347
6103,1.443123554105934
6104,0.2806574575148165
6106,0.9629452839131656
6107,1.1254489426216692
6108,0.31874459790359866
6109,0.2204198453926131
6127,1.2640702283745164
6128,0.5019261405789579
6133,0.14254068678211007
6134,-0.02716566807276955
6135,3.6442612004114956
6136,2.4991300164242434
6137,1.9940334242370417
6139,-2.191043718261138
6140,-3.6969116258112007
6153,0.8935542049002848
6154,0.6415906936455431
6155,-0.012680053157374483
6163,0.7579044277752238
6164,0.3023982562874615
6166,1.3822361376590364
6185,3.6694392111486227
6186,3.1069113286320142
6187,2.131844220472884
6188,0.8296429251484829
6205,-1.5068813241090084
6206,1.320982207472512
6207,3.9600414433220146
6208,2.4784357586576884
6212,0.8596780514475759
6213,-0.2685332536130201
6214,-0.9610266257155465
6225,2.1784381002511632
6247,1.0048509088536353
6253,0.9310216964741492
6254,0.4122420923871881
6255,-0.12669765304595754
6258,1.4409955918899773
6259,0.07232066157962608
6272,3.0254755248031886
6273,1.490091154801534
6298,0.9599247688942164
6299,0.15392208227225673
6312,-1.1239300966523995
6318,1.5117589292290052
6319,2.465715335601881
6327,1.8004053192529166
6328,1.8004053192529166
6329,1.7951537022960706
6336,0.6076982187274625
6368,1.6943487515044975
6369,1.1478150661136732
6370,1.009270926643029
6371,0.8059400080350675
6372,0.5864524418889825
6377,0.1711763456889564
6382,0.9858541072594723
6383,1.0535103147556895
6412,-2.3773086391899825
6431,1.4013061187403286
6432,0.43638221074288586
6433,1.7184358048092114
6434,1.0252886242492663
6448,1.518462324697308
6450,1.263250637276311
6458,3.4524321743385142
6459,2.003774662754421
6460,1.7749354016154928
6461,1.0327217428458244
6462,0.13697545502707775
6471,3.726158379370619
6472,2.407269380060848
6473,0.6380043810627364
6474,1.2690861602143497
6475,0.9737668730112176
6488,3.7248738143373123
6489,1.9641008336118786
6490,1.230546573260967
6491,2.373174023434334
6492,1.147561170399973
6493,0.40406412719253626
6503,0.27649472681120435
6507,-0.7789229575813492
6508,-1.0529699307894087
6524,1.3551906160685567
6525,1.4157560712695096
6526,1.3379703382897015
6534,3.2998104423642
6535,2.361542443332572
6593,2.4233592064694185
6594,2.3363486351468508
6595,0.7550885821001287
6596,-0.6132275573840719
6621,0.9714226493121546
6627,1.0509964347264464
6631,1.2804059283605715
6632,0.7060634058264915
6656,0.6382156970337272
6666,2.299369929892047
6677,2.2194860528243314
6678,1.5593649257996598
6679,2.598384133547774
6680,0.7888209306282278
6681,3.3293970013794065
6682,2.3548359287924585
6683,0.7624400070558948
6684,0.2516143832899041
6685,0.21034195947700077
6686,0.4435954834694318
6734,0.14167315831614558
6742,-0.31841623182164214
6753,0.8986968634731071
6762,1.153321409140163
6763,0.4193680132771558
6769,1.400591665820715
6770,0.8897824719933589
6800,3.7145740036222255
6801,2.692990707342421
6810,2.292504453651095
6811,1.6683481243128202
6812,0.8892483607622717
6816,1.4818090654621916
6817,1.412814570929286
6818,1.0073372898924975
6819,0.8544578804421955
6824,1.1645560719621444
6852,1.3020428086722995
6853,1.2762841635367137
6854,1.2762841635367137
6855,1.4014292487041606
6856,1.2883231438939189
6857,0.7890026662034667
6858,0.3539612652410489
6859,0.2169645002374942
6861,1.2621473683770081
6862,0.4821174596292469
6863,0.3433769157947426
6864,0.1640727217371579
6866,1.6921416916985137
6867,1.2026118786865945
6868,1.0282613525715871
6877,4.330676759738314
6878,2.8490751137105406
6879,2.953064827234588
6880,2.4188202646601407
6883,0.811729896386893
6890,-0.648365037788052
6891,-1.436745904615989
6892,-1.7248487639454282
6893,-1.7933607505950289
6896,0.5390048340312983
6902,-1.4920994200168671
6903,-1.4920994200168671
6904,-1.4881056272665754
6905,-1.7248487639454282
6913,1.2968345345770729
6914,0.31990721974651776
6915,-0.35781845464081125
6916,1.17960838787332
6921,2.7697534566703217
6922,0.7449803291999625
6925,-1.269044801069651
6926,-1.6518236289305381
6935,0.48088174739291856
6936,0.24074768526256682
6946,0.9790401535272648
6950,1.4355606024228087
6951,1.0301192922228093
6968,3.199277016799471
6969,2.3238082794455712
6970,0.590671388970709
6971,0.42127283831367807
6972,-0.13788370736338637
6986,-0.545072062494582
7000,2.8505966688827566
7001,2.599283892309551
7002,1.871048046462853
7003,0.9034486238608573
7004,0.36561486350820366
7005,2.1868150299481655
7006,0.32908789651039916
7018,2.0173666499802376
7019,1.2008980822088597
7020,1.9740810260220096
7021,2.9053917246525502
7022,2.525904628822073
7023,2.2903404321776066
7024,1.9825037880955871
7025,1.504477316797601
7034,-0.23952703056473376
7035,0.21913552991667104
7036,0.38553447261928553
7037,0.3397525647427831
7044,3.000232133978883
7086,4.0126463182375955
7087,2.7063954995049824
7088,2.1338705396063076
7089,1.4219027885872582
7090,1.4219027885872582
7091,0.9602310593365205
7092,0.6511786957374437
7093,0.3780253923493827
7095,1.217579807732153
7096,1.217579807732153
7097,1.0840399594848524
7098,0.6577272353286849
7100,2.1158096322791824
7101,1.7177899490278805
7102,0.8762184562444459
7103,0.7724203614544531
7105,3.9993010135352067
7106,3.5292973842894715
7107,2.276538814611408
7112,3.3476700146443465
7113,2.8152051058805077
7118,2.5953666409905254
7119,1.2516480615031922
7120,0.9331871795338852
7127,1.5974058162102616
7128,1.1480688973807023
7135,1.0286546662443075
7136,0.7725589199841069
7137,0.9004052226439314
7139,1.0193526076824775
7140,1.0177637008047888
7141,1.0166789059054233
7142,0.9458883683130985
7143,0.8757603614941132
7144,0.5827182867905566
7145,1.4007148837811207
7146,0.9178495163381483
7147,0.9155304429277463
7176,-0.5148336451635295
7182,0.5682639984132551
7183,1.5025873983909086
7184,0.441346919995931
7187,2.3738819748760793
7188,1.8443677319989287
7189,1.6512322340910783
7223,-1.5687759307152105
7273,2.334180654583796
7274,1.6120544862172541
7275,1.215506040139609
7276,0.4641113035408978
7285,0.6175611936033503
7286,0.2766464028315163
7287,0.14306084284065193
7288,2.6210388241125804
7294,2.151762203259462
7307,1.8706784688550493
7313,0.9180891138155346
7321,1.7859258198687036
7322,0.9749746482099314
7323,0.4404460770034098
7324,0.20530539318432994
7329,-0.544727175441672
7338,-1.0802813319833862
7339,-1.2120049760232003
7340,-1.3261404383001434
7341,-1.6450650900772514
7354,3.902473554211998
7355,1.1298848319722168
7356,0.4142926967108435
7361,0.6931471805599453
7364,0.19309662996191315
7365,0.16568391564093124
7366,-1.3375041969504584
7367,4.0346670958789375
7368,4.126233979801928
7369,3.4002969764189914
7377,1.5485194974646834
7378,0.7026518675741913
7379,0.4235014705942631
7380,0.4236978763692242
7381,0.24153341642580078
7382,0.11689375147149943
7383,0.09712671073072283
7384,-0.3285040669720361
7398,1.4742136591577741
7399,1.1631508098056809
7403,1.4920722896488419
7404,0.7964255300134471
7411,0.4605844073292439
7414,-0.593482857447
7415,0.5639492420882634
7416,0.8416964876631842
7417,0.51419992440494
7418,0.3006229765845814
7419,-0.37048413921291884
7420,-0.444725822061467
7421,-0.6110143510214231
7435,-0.7170301210232772
7436,-0.6869663214848641
7442,2.800921044506817
7443,2.2681178641117983
7478,0.1397619423751586
7480,2.7035936186074814
7481,1.6945875574757816
7486,0.10696922099724238
7487,0.19860492686705553
7488,-0.0735389033348702
7489,-0.39082283137129437
7496,-1.9819519204025788
7497,-1.5403783765026058
7499,2.8893935017818655
7500,2.2742061943923493
7501,1.9437077255001134
7502,1.3536936870738085
7503,1.142405863666525
7504,1.5686159179138452
7512,0.47000362924573563
7513,4.263610429858206
7514,3.4021269494800874
7515,3.3699234093570274
7516,2.716216763768603
7517,1.4433124873422138
7538,2.732157276445443
7539,2.4852982397732997
7540,1.7524814210978221
7541,0.7894568606973537
7542,0.8540322760775825
7543,0.6239042778177847
7569,3.2116940978919013
7570,2.6143547169748866
7571,1.8360633947845795
7572,0.16906744111553862
7574,2.9932141056288217
7575,1.3522721125054544
7576,0.5037405840427606
7577,0.5037405840427606
7578,0.5568691622673175
7579,0.5568691622673175
7591,2.5336968139574325
7592,3.0084411722953277
7593,2.121998031093749
7611,0.4560314716788523
7615,0.4021262068426498
7616,0.4021262068426498
7621,0.3444404062703898
7622,0.3444404062703898
7623,0.3444404062703898
7624,0.28885638267954966
7625,0.26826986893031957
7633,1.0387207314275038
7634,0.29147487069047723
7635,-0.0793679353835727
7636,-0.12533649131129773
7644,1.8658150590574658
7645,0.7708486882237973
7646,0.2648227783056982
7647,1.4289706354003269
7648,1.0350688278493252
7649,0.7899562364880062
7650,-0.11193765324086466
7686,0.8054932403914837
7687,0.924139846817554
7719,0.603878712801763
7720,0.45868986934546213
7721,-0.4576008625286929
7722,-1.0861897686695525
7743,6.637378862778272
7744,5.673356943580381
7745,0.5036801556051195
7746,3.3815625402891305
7776,2.516461839797723
7777,2.1799879882794073
7778,1.774528532299693
7779,1.656741257549967
7780,1.0686340651484234
7781,3.0720542216247555
7782,2.47421637857981
7783,0.8573896239539942
7784,-0.40811862557372774
7789,2.155441472949661
7790,0.9435167181277465
7806,0.4329505650430248
7807,0.44731057869805885
7808,-0.36485113522290935
7809,-0.22564668153232822
7812,-4.906275278772013
7813,-5.339139361068292
7832,1.5448993912965292
7841,3.195897841460696
7842,2.230820526764735
7843,2.023175376726259
7844,0.7223175578597253
7846,0.2013886195111804
7847,-0.6369559009102027
7848,-0.4312445610956517
7858,0.06877951539482563
7859,-1.1854782216897717
7878,1.2370109834027332
7879,0.27193371548364176
7880,3.449987545831587
7889,2.112924672496384
7890,1.5750741850061407
7891,1.3812315667774282
7894,0.7472091386584758
7903,0.3942693353474297
7906,0.8441500540964727
7907,0.3122527263859857
7908,0.36665497732107305
7934,-2.5194980945576195
7935,1.4188825507130423
7936,0.8649974374866045
7937,0.5167082869241462
7943,1.7809512705114516
7944,1.416314222106059
7945,-0.9792305316480292
7946,-1.2917117186339426
7947,-1.7344344026087857
7948,-0.6931471805599453
7953,1.861689679053913
7954,1.7692582038815414
7956,0.855776104008164
7968,2.781077589635687
7969,-0.07861040058191139
7970,0.358583122208034
7971,-0.323240167852495
7976,-0.8411832593873496
7977,-0.9046092271003171
7978,-1.1669982015345746
7979,-1.1564532883579597
7980,-1.0948194904294135
7993,3.0017839253157583
7997,1.9066940073201544
7998,1.2648326925826985
7999,1.2648326925826985
8000,0.9939552292306324
8002,0.15143270376020934
8008,-0.6931471805599453
8015,1.7944059641689605
8020,-0.6437857510222211
8021,-0.8490994823338317
8046,1.492139759203231
8047,0.44385214051286825
8048,0.028004196409597344
8051,-0.2251455539848828
8066,1.3862943611198906
8070,1.6851389007777824
8071,1.6851389007777824
8077,0.6942465760032464
8087,2.847475855054697
8088,2.1543286744947516
8089,1.931188022701976
8090,1.6127324793835303
8091,0.9321640810304452
8092,-0.40601525941364563
8093,-0.8266785731844679
8094,-0.7543844900311347
8096,0.7403646801690559
8097,0.5578427885290469
8098,0.3116671177022417
8099,-0.605319470194425
8100,0.3877762452370802
8114,-0.7201073621427283
8115,-1.3401744255063375
8136,1.725049703755672
8137,1.719511305020431
8138,-0.33365620536173146
8139,-0.33365620536173146
8140,-0.7512001120085624
8158,0.11635980111619525
8159,-0.8009551331942505
8160,-0.6624240079171049
8169,1.6421180518227285
8170,1.0667431529937148
8172,2.817585988170512
8175,-0.8986964234732039
8176,2.395319230375628
8177,1.253791011306797
8178,0.46524231214402506
8179,0.9013395174209425
8180,0.7125575740797687
8181,2.585701759822895
8182,1.013308543753653
8224,-0.8847920648147841
8232,3.057574976737422
8233,1.9981908129759531
8234,0.9198444100734529
8235,2.4849066497880004
8236,1.5040773967762742
8261,2.371915240930234
8262,2.227333390106536
8263,1.0746610678455963
8264,0.7109870986882764
8292,2.615598598337297
8311,-0.5705756281717645
8327,4.512357285384767
8328,0.7609460061243805
8336,2.756020982049831
8337,2.134332108118961
8338,1.1913737687494208
8375,3.970207004287055
8376,3.4278815058112575
8405,0.9108358811911913
8415,2.9460902466525085
8416,1.0328997453027284
8420,3.619229223756835
8422,2.4383826658912655
8423,-0.25218623676694046
8424,-0.25218623676694046
8444,0.43528277651734654
8455,-1.0216512475319814
8456,-0.01602776107719725
8457,-0.438039954040343
8466,1.9689847285972606
8467,1.3891652362115736
8468,0.6525334976746483
8469,0.2571197668691409
8478,0.19441480448133783
8479,-1.558269625859701
8497,1.4531349180386994
8498,0.2401186555201714
8499,-0.245133569205825
8525,1.0674311711845348
8526,0.5195673037027454
8527,0.03401487858727762
8556,0.3474828255698172
8557,1.8230158588786092
8565,1.8540297949541797
8566,1.8320533243072246
8571,2.4019506748916086
8572,0.9637466730304505
8574,0.8018221971856014
8575,-0.22777927971873788
8577,0.23641509350744971
8578,-0.23357274680474902
8604,1.5883368425260465
8605,1.2232164518926405
8606,-0.5306882528622425
8607,0.4231740418889376
8624,2.0285166004945454
8633,1.3085490124950376
8634,0.8319956623787536
8635,-5.521460917862246
8636,2.9218919578847684
8637,2.2818516326071334
8638,3.6681510984634538
8639,3.229894891350634
8650,1.9671123567059163
8655,1.340198065226917
8679,2.858158435531513
8680,1.961277183329194
8681,1.520125708753411
8687,0.9049870857027631
8688,0.5590441960364652
8709,-0.39230212158188354
8718,0.8572199022971032
8719,0.45355661557541826
8731,0.678439551687671
8734,1.183382266709927
8735,1.0643313546912354
8736,0.727886714363842
8750,2.506586598779889
8755,2.278722635729371
8756,1.3562732020078798
8773,2.274648474301023
8774,1.8015282654529943
8775,1.2167211971481025
8776,2.343669453093442
8777,1.3959723776711617
8778,1.037729300144538
8779,0.9849582170954037
8780,0.4878435473740666
8787,0.08342160813907237
8793,-2.02646965691373
8801,2.5368663887187113
8802,0.47000362924573563
8803,0.32338699707255736
8809,0.6668545386050213
8810,2.585709294113334
8811,1.9265525655695872
8812,1.859106542687665
8822,1.7509895566848435
8823,1.0929295055326114
8833,1.0881915138401925
8838,2.519171191130516
8839,2.4013891620526264
8844,1.3421595937553126
8845,1.083194035939729
8846,0.4231740418889376
8847,0.09531017980432495
8869,0.9627161975847992
8878,-2.012905017879592
8879,-2.397995277798704
8880,-2.6214138944426635
8889,0.1865625510512092
8890,-0.0772050709089715
8891,0.589618319731089
8895,1.2704064036679632
8896,2.621751297515844
8897,1.951593965523611
8898,1.5280326101834094
8906,3.2844125975868272
8910,0.5637785402186635
8911,0.02693400124008104
8912,0.015873349156290163
8920,-0.11440126030997533
8957,4.307223613337122
8958,3.9484455766619306
8959,1.705674935313925
8964,3.4608709631477725
8965,1.8767437931330522
8966,1.7301499875963637
8967,2.6732309871239326
8968,1.452128917041437
8969,0.8530526980695677
8970,0.5180196843462312
8974,1.6607392067896511
8978,1.7262248966403417
8979,0.7830335873544686
8980,0.4350239103497088
9016,-0.7560869803338195
9017,0.006081470315867954
9018,0.28427627931694804
9019,1.99635880111866
9020,1.4784176499956965
9032,0.7619733714897978
9033,-0.45444529032988296
9034,-0.7421273627816639
9035,-1.567336736415465
9036,-2.0738571633859353
9050,1.4677821779661584
9051,0.5670169034157331
9052,-0.18188165356556935
9053,0.1683071454083761
9071,0.9169705007789124
9072,0.17956776859733367
9073,2.2025326865865194
9074,1.8086329742296805
9075,1.3522721125054544
9076,0.4997444537551733
9079,-1.228607085284297
9080,0.3001786637810635
9081,0.25138109272544934
9082,0.20693286526622773
9083,0.16288386290147955
9084,0.023032699110572784
9089,-0.9915532163747021
9090,-0.24718012914245102
9103,0.09531017980432495
9106,-1.876663976318499
9107,-0.4970870976554775
9108,0.7640715188966439
9109,0.4798301900634711
9110,2.7151648319876176
9111,-3.009831197933493
9112,-1.981226494182881
9113,-2.111964733385396
9118,1.2206234103949145
9119,0.9731246486261735
9120,0.9295228006428731
9121,0.7260982806996312
9122,0.46956603351468795
9135,1.5662589758401286
9152,1.2729576757808874
9189,1.0944703895007746
9190,0.7377858821783256
9191,1.262034143739206
9198,1.6314146452374694
9199,0.5328023565693595
9218,1.9178780379703908
9258,1.2370400080301316
9273,0.3126185577418125
9274,1.6352031203201267
9275,1.2297282665256468
9276,0.3862822886913905
9277,0.37094267406974146
9293,0.015578029963318462
9294,-0.044997365930735805
9295,-0.5672196239621546
9296,-0.7571525105358577
9297,1.8682420008350287
9298,1.758013077928173
9355,2.069126019152305
9356,1.2481523559376848
9357,-0.29679009148250834
9437,1.4221681333560956
9438,1.1598014569805322
9439,0.6125334765656997
9440,0.1260157205828599
9441,-0.7131458270666352
9461,0.7096600889341591
9469,2.477940777670792
9470,1.2039628042759356
9510,2.095929859184638
9511,1.3629745557982738
9512,0.7333289701927771
9513,0.08443305597482939
9514,3.3300092452004573
9515,2.993534861010489
9516,1.8408511752307657
9517,1.79639869137648
9518,1.7408345280427644
9519,1.4737785429863437
9534,1.8633046363911507
9535,-2.475748712003235
9536,-0.5663383336962494
9555,0.5332718125958207
9591,1.2237754316221157
9592,1.498685106698917
9639,3.4869437922523696
9640,3.1815643280010693
9641,2.3015345413578667
9642,1.6545068758016785
9659,1.1456230929374644
9660,0.6268471088027133
9661,0.6268471088027133
9668,3.085961384746481
9669,2.6523260523298484
9670,1.0797012637763492
9672,-0.005615738785635745
9673,0.6084059521048546
9674,1.4350845252893227
9675,1.3552421943644213
9676,0.5585866871642505
9677,0.19852293613196267
9678,0.11573649848259676
9679,0.1260157205828599
9683,0.8649974374866045
9684,-0.1536174886655995
9685,0.3110811658800128
9686,0.3651291065852903
9699,3.9325273472494042
9700,2.8339130991704895
9701,2.40814258924992
9702,3.7404205927855547
9703,2.3761050351491537
9737,2.505795288467472
9738,2.2085491010674514
9739,1.6370919892159164
9740,0.9549343554663595
9742,3.249529173506296
9752,0.6495609523970224
9753,0.016857117066422806
9761,4.591129069268324
9762,4.082806588397204
9763,1.4613090649253362
9764,0.9343270943602537
9766,0.5978470007056208
9767,1.5303947050936475
9768,0.7022060250482914
9770,1.7094280333019232
9771,1.3017435907169899
9772,0.6897915567465829
9773,-0.40616535322255776
9774,-1.2126772449560823
9779,1.721247587486106
9780,0.4475662841267998
9783,1.7693945620947784
9789,-0.49758039701597007
9790,-0.2744368457017603
9797,0.5714878919326163
9798,-0.3819927519230223
9804,0.15469338967648052
9805,-0.22002342397796612
9806,-0.2608454184982213
9807,-0.396455813950577
9814,3.3371742832270344
9815,0.8139478807056495
9823,1.3137236682850553
9834,0.8378101368005064
9835,0.6608822199726699
9836,0.4785916464322691
9837,1.4518714053056725
9838,0.10029772131536387
9839,-1.4550015591296814
9840,-1.568295969102925
9845,3.775740403123178
9853,-0.321032052133335
9854,-1.5250967640003494
9855,-0.05858295743229787
9856,0.9317703027225415
9857,1.0159188486835788
9860,1.7841808237045047
9874,2.134166441369082
9875,3.2352136330758188
9879,2.656728836145246
9880,2.546377971876101
9881,1.7500516658282648
9887,-0.37396644104879345
9888,-0.3307287619941472
9889,-0.37149855854489156
9890,2.2858457689897476
9891,1.5075380684052548
9912,2.0190278351192146
9913,0.8150550307932787
9914,0.7594965611014792
9915,0.7594965611014792
9916,0.6030036307069793
9927,1.6582280766035324
9931,0.7275486072772777
9932,0.12336741395028404
9933,-0.12182870836513367
9949,-0.17542539010611338
9950,0.10777759217343108
9953,2.9062833827853716
9956,1.8812039948204804
9957,1.1880568142605352
9958,0.2600539053343068
9963,3.0285333866358273
9964,0.0914846901221784
9965,0.07259969241434348
9971,-1.2334016150167482
9975,1.347033647166588
9976,1.2512761494418025
9977,-0.4264844753322397
9978,3.161644937813897
9979,3.014863106619498
9980,1.9838250649714033
9989,4.0787536531758475
9990,2.8500878130456666
9991,1.2710518456076136
10018,2.132188154488383
10023,0.46549347376784944
10024,0.4111820684373934
10033,1.6058916318074408
10034,0.8450954368320035
10035,1.0153031408718025
10036,1.2063599528184341
10045,1.9368261571079155
10046,1.9368261571079155
10047,0.49707146753332765
10048,0.12821729780075386
10056,1.6531102408902867
10057,1.390759378079049
10058,0.3610951603722239
10059,-0.41354768430152034
10080,4.5853194575350695
10081,3.5867913560301514
10082,2.9990019224216136
10083,2.0919875108483543
10091,1.41917288968583
10127,2.777371018808921
10128,-0.35467694127605925
10129,-0.17721461942580996
10130,-0.30476041398653225
10131,0.3036538419614796
10155,0.1732808121418056
10168,-0.5689845379395226
10169,-0.751412088691921
10170,-1.296453657120101
10186,2.0004253902504248
10189,-0.7885573653646034
10204,1.3583320338337692
10205,0.5653138090500603
10206,-0.3784824367782776
10207,-0.9657436155936855
10208,0.6472602977874691
10210,1.8364619250104008
10211,1.116812325312061
10212,-0.3562464643206649
10213,1.2729576757808874
10225,2.759744081910972
10226,1.4393136650955272
10227,0.18248820957327538
10228,0.2858554051103734
10246,2.388882048178514
10247,1.2233341578045558
10248,0.9741067072508994
10252,1.088494610479824
10253,0.9745596399981308
10254,2.2026432033630785
10255,1.2794883568020812
10256,0.7817988781545079
10260,2.2568657091489213
10261,1.7633257005655076
10262,1.5608147343217207
10263,1.2526772505359745
10264,-0.13216090360233898
10265,0.460773663867045
10290,0.6698785536205909
10314,0.9702863716351673
10321,2.2364452904895007
10322,1.4071748386992458
10323,1.18402516651624
10330,0.539296455741685
10340,-1.8630406712330185
10341,-2.0794415416798357
10367,1.512442313107902
10405,1.4511219029869467
10423,2.080003883536012
10424,1.2615244741639409
10425,0.583109075351008
10426,-0.3371524679260771
10430,0.9106749930885195
10445,0.6975375288612381
10456,0.28765707213927566
10457,0.28765707213927566
10485,4.527722026228949
10486,0.579362391253325
10487,0.6834503175810813
10490,4.8833192130110294
10491,3.751415189764897
10492,3.395239669687908
10493,2.5426644210144578
10494,1.2455944790167555
10499,0.4225843999155529
10500,0.5095848543298578
10514,3.136124452071233
10515,2.3629367363787876
10516,2.583831500910591
10517,1.9302162123750708
10518,1.265763804482143
10529,1.7338654908091524
10530,4.114867518254526
10531,2.61734473663818
10532,1.2335218977824862
10538,2.9438177336017906
10539,1.6768722366836972
10542,1.405091581202796
10543,0.9298780053826708
10544,1.0983122436591075
10545,1.2092289664716398
10547,1.013163326835627
10549,3.963747906660061
10550,2.2810549744436828
10551,0.5665630284504923
10579,1.0171491281845377
10580,0.554459660786052
10586,-0.15630299439540113
10587,-0.2840885369416507
10588,-0.4397460420850386
10589,-0.353821874956326
10617,-1.2697565448719392
10618,-1.3911059181171126
10621,1.4536258532801758
10622,0.10651984337767277
10623,0.41104948640206496
10632,3.057767664473444
10643,2.7298964903320226
10644,1.3840167693758325
10645,1.1561261948687165
10647,3.383464411148058
10648,1.086134767156997
10649,1.2449035929279004
10650,0.5266792876891578
10657,1.7379894260182271
10658,0.857644152441348
10659,0.17831353539641584
10660,0.028976108236517188
10669,-0.37746091169856705
10670,0.645164190537794
10759,2.0694417096015023
10764,2.9717520321669912
10765,1.777829563694557
10766,1.2593412838554905
10767,0.8603127974646984
10768,1.1662086299049188
10769,0.5139008902829187
10770,0.5095247780329426
10771,0.42500626331499985
10772,0.3150296939700183
10773,0.1887177242991925
10774,0.17370117450034328
10775,0.17370117450034328
10796,-0.3902317274675752
10797,-0.5180180943474952
10798,-0.21902703580237018
10799,-0.4628294254977353
10856,2.7501513771208455
10857,0.7419373447293773
10860,3.990440392984242
10861,2.758293277537227
10862,2.0113366686626564
10863,1.2228632510059665
10869,0.7598708126028535
10879,2.407548529826509
10880,1.9888327928090808
10881,2.1711543496030354
10882,1.7375144543756593
10890,1.407370686721807
10891,1.1626194186424021
10892,1.2284117262029541
10896,0.0477419959854211
10897,-0.0959603911459112
10898,-0.41991906507831483
10921,2.3163499215697594
10922,1.2177277695582718
10923,0.34479465190801684
10949,1.4362742934249113
10950,0.7118707945580478
10951,-0.10647224451051676
10958,2.504995183921343
10962,2.0799913904852714
10963,1.6463482664541973
10964,1.3709522708206205
10965,0.7803793665028171
10969,0.3877083865189054
10970,0.5493345451940974
10971,0.22314355131420976
11007,-0.5267856433447201
11027,2.1635873585376166
11028,2.1635873585376166
11029,1.4007148837811207
11030,0.9749746482099314
11037,1.2134279630966913
11045,1.9176723310726072
11046,1.8700467909589478
11050,0.8967408726294396
11055,1.865040909422135
11056,1.3389406647364204
11057,0.8771340166729611
11058,0.20048886074940356
11072,1.2611278848269958
11073,0.0784414263065625
11090,1.0505768396295527
11092,1.0416538548308272
11105,1.9217930850907656
11106,0.9996387402487135
11107,0.11037790746960939
11108,0.1338313476335206
11113,1.4963811901418036
11117,2.968376492877468
11129,1.3685121913240925
11130,0.9460436900235029
11139,1.9564684987050949
11140,1.7851543701759192
11152,2.158610791076655
11153,0.9250918878272238
11154,0.15794347806595455
11156,0.8189865653990931
11173,2.052070344883704
11183,1.0366304963122284
11184,0.338826605774953
11185,0.0944006754214843
11195,1.8649169898457814
11196,0.233489843368354
11198,0.19885085874516514
11200,1.5360927262082853
11201,0.9643187008847367
11202,1.3366575886787881
11203,1.0647107369924282
11210,1.7298308726058884
11220,3.132546397116505
11221,2.2570750433622226
11222,0.8384156731511891
11223,0.18115420904194793
11224,0.18115420904194793
11231,1.37277843106637
11232,0.20660758267411022
11237,0.5596157879354227
11239,2.2554201075060445
11240,2.252985101002562
11241,2.1000036843927132
11242,1.580523902269458
11279,3.1251451969147657
11280,1.9446379115328236
11281,1.0494570578699642
11291,-0.9851050478745148
11292,-1.393117586468016
11293,-1.5497549102729267
11303,1.975538297019988
11304,1.3289035673406389
11305,0.9349947166679269
11315,0.9282193027394289
11320,0.03440142671733232
11336,0.1489371127743709
11337,-0.27325333579966
11338,2.8622008809294686
11339,0.47000362924573563
11373,0.7171078180047888
11374,0.8366412801986749
11375,0.20065251347867802
11379,3.7950936053212416
11380,3.0296263252015474
11381,1.9532829033847263
11382,1.0836340054873965
11396,1.2979275204497416
11397,0.5679807042670504
11398,0.5780168733063139
11399,0.42251886267399197
11405,2.1972245773362196
11414,0.6009770655878149
11415,-0.8537855265227579
11417,2.517365772774537
11418,1.46709063094798
11419,-0.005314094823768765
11420,-0.9380252240201612
11444,0.34592739539196804
11457,0.3694233367608989
11470,-0.687363935804218
11471,-1.516858731141007
11472,-1.9379419794061366
11476,1.8230643190564675
11530,2.321347964244931
11531,1.8342440808342104
11532,1.4510047424886463
11533,0.6759501557314238
11550,5.088797465438448
11551,3.028286584775334
11574,0.7443154671343447
11575,0.6946959805497956
11585,2.1813322946673583
11586,1.1340116070199708
11587,2.3313280285262574
11588,1.5103465931231161
11589,1.3749553164498969
11590,1.3232746859515894
11591,1.6552522245733918
11592,3.420038762795512
11593,2.7887634531413847
11594,2.7188054884190302
11595,2.0774896379545904
11596,2.0798914404602007
11597,2.098238761762741
11603,1.271276249535624
11613,2.2245262494933473
11614,2.084764847711181
11619,3.0069886818096903
11626,2.1203555319683502
11627,1.4272203502325205
11628,0.5574992639636625
11655,1.3590773148263375
11661,2.015089669788877
11662,0.8756353901332207
11663,1.5151272329628591
11664,1.9330998753185624
11665,1.5002478511957358
11666,-0.6178541965245139
11679,2.5017555727861094
11680,1.1362933556357984
11682,1.772933364978006
11683,0.49200970950835016
11684,-2.5969561535966235
11685,-1.2039728043259361
11703,2.8103841412976798
11704,1.595237563032959
11705,1.4808315149438798
11706,1.6711725062389373
11707,1.3795969836721589
11708,0.847712060308857
11709,0.2946825120965254
11717,3.269797050046587
11718,2.402692836970421
11719,1.8024356092252896
11720,2.2598654657738844
11721,2.7379002230710956
11727,0.9534323621547749
11743,0.05949457178563967
11744,-0.13834294962174468
11745,-0.1710255970521031
11746,-0.6172978682765075
11756,0.7380727439129376
11757,-0.5887871652357025
11761,1.8316370178997006
11762,1.5461785727949096
11763,1.2146753274590716
11768,2.5314880271765863
11769,2.426129279085501
11770,2.426129279085501
11771,2.0080260952693063
11784,4.146546360461688
11785,0.12044615307586706
11793,-1.8476951015583585
11794,-1.8559780415547062
11805,1.6912943589039324
11806,0.012323749688831903
11807,0.012323749688831903
11836,-0.43819493273108323
11839,1.0023950309262868
11840,0.6237971024251522
11841,0.2959478168688136
11843,1.7346069377237465
11846,0.9197248286084373
11847,0.9109565302834531
11861,3.5637158111598053
11862,2.978713268384396
11863,1.343517331763832
11864,0.06165938038672779
11869,2.6736519743797578
11870,1.4916448767277164
11873,2.5257286443082556
11903,0.9686934106672034
11904,1.0200018880861983
11905,1.0200018880861983
11906,1.0520795745398928
11909,-1.627092847672821
11913,0.3225906169399696
11914,-0.08632070646652718
11915,0.10264683696014279
11916,1.4507938189945022
11917,1.0270088698084168
11918,0.8734667346832269
11919,0.5897846675647922
11922,2.503908302795131
11923,1.4157803451762747
11924,0.9859660371168787
11925,0.7281281494551909
11929,1.9286186519452522
11931,0.5875644179848802
11932,0.579810495220942
11945,3.33735905977231
11946,1.3004641045146972
11947,0.5459224608034202
11950,3.075037786489323
11951,1.891272924093954
11953,0.07945792133471552
11961,2.490549034885287
11962,1.5742665894226595
11963,1.5742665894226595
11964,0.8894949090869919
11965,0.5609862769576063
11966,0.455587717511375
11967,1.1975522365230131
11978,4.213227733248332
11979,4.000180392164351
11986,5.229678718031007
11987,3.8638196690416047
11993,0.10156331540944123
12001,1.4773911315137682
12002,1.4773911315137682
12003,1.0253962263368506
12004,0.9991970278699043
12005,1.2378813559771173
12007,0.5126439695727744
12017,0.8309506847071397
12018,0.22936416312726596
12019,-0.01765493523872071
12022,1.680380881244666
12023,1.4137636031094354
12024,1.0883262347996094
12025,0.9664513850657708
12047,0.9286934985911978
12048,0.061189168312422396
12049,2.5695158382761982
12050,1.1655229939507366
12051,0.25075871834718305
12052,0.35781429463215847
12073,1.83128462321401
12074,1.5939587255856402
12075,1.1532267286079876
12076,0.9969117338417706
12077,0.40739657495791154
12079,2.4318750032361947
12080,0.9277844255853694
12081,0.7146150871751863
12082,1.4674134124046827
12083,0.8255779677404349
12092,0.5390048340312983
12093,2.717525171464728
12094,2.436486417185448
12095,1.3877682743758908
12096,0.8116854864834774
12097,0.8119075162807883
12104,2.8924972751608182
12105,2.0494976653067636
12106,1.0641588605987304
12107,0.3267104594192593
12113,1.9974177062012453
12114,0.8084827792398498
12115,0.39028378611250036
12117,-0.05879504651050549
12118,-0.46426015461866976
12119,-0.37731506469181836
12125,0.4441087317003688
12126,0.18581544604821035
12127,-0.34446408655076544
12138,3.8242840911201395
12139,3.7289723829303667
12140,3.229981923208305
12141,3.229981923208305
12142,2.442147015366537
12143,2.0609465590435914
12144,0.34209923248634455
12145,0.24286774416193946
12170,2.7806250939282253
12171,2.1127916913613753
12172,1.2678486059134089
12173,0.3027677098698217
12197,1.099112163709761
12198,0.9110771648212677
12199,0.9110771648212677
12200,0.10011679133477262
12201,-0.05975000440577405
12202,2.3503842901273186
12203,1.485392810905453
12224,3.3676578334208407
12225,3.0224520982533725
12226,2.7812882711912965
12228,2.7840354576734163
12229,1.100477215277622
12230,0.7064581946196177
12231,0.41482120303218933
12237,2.478477694939708
12245,2.8633145462882204
12246,1.4455533449948124
12247,-0.3647071156359966
12248,-0.47016364204710104
12249,1.1739980155739995
12250,1.213219917682599
12252,-0.5235731965884933
12255,3.3103933671610895
12256,1.0591088688904093
12258,1.9222612772922132
12259,1.4522459459125934
12283,2.1067891631980733
12284,1.4428400873050846
12293,3.457621822506109
12294,2.0527509970517888
12297,1.6151416153507783
12303,-0.9268462458136718
12304,-1.3967488190237494
12305,-2.215490386143112
12317,2.1845670297208355
12318,1.9077186203956495
12319,2.7229059723341966
12320,2.3292757082470903
12322,3.676829645899712
12323,2.6070947835520855
12338,5.400081673592161
12339,3.3534311930507616
12340,2.358331955508448
12341,0.8202642956194106
12345,0.453238882913005
12346,0.5604725636554044
12348,3.340572968179032
12349,1.9740810260220096
12350,-0.6674794338113675
12351,-1.0241543777501
12359,-0.02593338202650443
12375,0.3321773123383321
12386,-0.622315999799354
12387,-0.622315999799354
12388,-0.7575790407193342
12389,-0.7575790407193342
12391,2.2699482584677484
12392,1.1569440878961597
12393,2.1021932475385063
12417,1.3608739837729793
12418,0.7069514615363424
12421,0.04879016416943205
12428,2.8910326505695942
12429,0.9333051620332845
12431,0.5007752879124892
12432,4.439215950814127
12433,3.427615334265372
12434,2.7183503057608864
12436,0.7712649598238973
12437,-3.402197881995739
12447,1.582868038891482
12448,0.23047659868100182
12449,0.29192306670903545
12474,1.0986122886681098
12509,1.3343429554877908
12510,1.0988789197855406
12511,0.7695988327202764
12512,0.736589738402782
12513,0.6036600140584092
12514,0.49871255588218866
12529,2.141852801801233
12530,1.747615992465601
12531,0.6875817220870637
12532,1.9068871306448527
12533,1.5004485984221947
12534,1.2127739602790049
12535,0.751746222862881
12536,0.5063355584931258
12539,1.2709957367564277
12540,0.4689405643924708
12557,0.8362513575283965
12561,4.442667726942913
12562,2.8118034257596203
12564,-2.0541637344955674
12565,-2.0541637344955674
12566,-2.0340858399590385
12567,-2.7165865321244964
12572,3.8544828716836004
12573,3.1030653424488603
12574,2.6234939895440434
12575,2.3397267232746657
12588,2.2535103883468115
12589,2.366301401207192
12602,2.474165839921937
12603,0.3975001384538675
12604,0.6768653479856624
12605,3.960813169597578
12618,3.053505775965951
12631,-0.30015959396289354
12649,2.4061610172154033
12650,1.2360817502435557
12670,1.000705407016516
12671,1.6293189680272497
12672,0.41666877861548957
12673,-1.1910565790593897
12674,-1.7242877541130424
12675,-1.9987836386623814
12676,2.8705431302619795
12677,2.006386860773925
12678,2.782155316108993
12707,2.252343876557299
12708,2.667290704628911
12709,1.9096017623879373
12710,1.2668067484973036
12711,0.9180092543681195
12716,1.4992211799751012
12717,1.468450219133123
12718,0.9227100836763384
12733,-0.1863295781914935
12752,0.9764069892011389
12753,3.0528495754377434
12754,2.1365659271630486
12755,2.730770137538458
12756,2.0911106915466133
12757,1.9857488031119135
12758,1.0418302745691252
12764,2.3815995799220713
12765,0.9101519279147452
12766,0.30047489425053325
12768,2.342728457296895
12769,1.1019400787607845
12784,1.5051434949582718
12785,0.7786365665753597
12786,-0.29625202313484805
12787,-0.6249279415828015
12788,-1.1695713776086036
12798,0.3990445403052416
12799,-0.15525128527129137
12800,-1.1966662291434977
12801,-1.1966662291434977
12810,1.024535085271794
12811,0.8013735856308166
12830,3.028751102411163
12831,2.125883713375877
12832,1.6090778476185443
12833,1.4267642936736036
12834,3.9416730656414773
12835,2.1122716862705384
12839,2.0397517185116554
12856,1.0704528402075362
12874,1.766441661243765
12886,0.8685280396745687
12887,0.6020182471488433
12891,2.132804567694402
12892,0.6186929946349978
12893,0.0260575343192896
12894,4.996500534051
12895,1.8954135297191066
12896,1.177947053501546
12899,2.2783743642789873
12900,2.227074599305105
12901,0.8317345203159882
12908,2.7460393870062445
12909,1.3723222035530072
12923,1.31980727609753
12939,0.1823215567939546
12943,1.2792936121256462
12952,2.091320704209913
12953,1.8952031489291021
12955,0.4678137331726997
12956,0.4480136113541203
12966,2.3961482931722333
12967,1.6347937196964086
12969,3.4513865667452945
12970,2.747193988219837
12971,2.1268855621089666
12972,2.053803169499821
12973,0.7339051730321131
12974,5.16772621859319
12975,3.963753604184202
12976,3.3997530057199246
12979,0.9694143501964277
13004,0.15520726430238263
13005,-0.5542551816933267
13029,0.25270235355575427
13042,2.2565830384322485
13043,1.210600790616157
13044,0.15546410262407187
13057,1.6938158248979285
13058,0.9227100836763384
13059,0.13584122291141312
13072,1.2007777054293953
13073,0.8576017355254755
13074,0.611882893728982
13075,0.9019077915067016
13076,0.2087200306484855
13112,0.6835008035081399
13113,1.9998841328964083
13114,1.4970975385863967
13115,0.9093063980997105
13122,-0.8472311959426604
13131,3.319347208172648
13132,2.1153756097273093
13133,-0.43525443691891663
13136,0.37438715253730287
13137,1.1282034528455478
13138,0.858153015144212
13139,0.5488725714028935
13143,2.643184515341018
13144,1.2861701122573106
13145,2.2212231822212756
13146,1.0345358829609759
13163,4.235449081198693
13164,1.6107770154353298
13165,-1.0489653487786958
13166,-1.3004837047067799
13180,0.43735129697048614
13181,-0.6784556318169556
13208,-0.28024314335478245
13218,2.6855318896716076
13219,-1.1734435992911132
13220,-0.9912837109155852
13221,-0.9912837109155852
13239,1.2006272140748395
13240,1.606092322183004
13241,0.6233682859520288
13242,3.842196929780136
13243,2.319766641202805
13274,2.8135027125282956
13275,1.8304030928202593
13276,1.1196559755964586
13277,0.6549259677397476
13279,1.8417552555492949
13280,0.0930348659671893
13281,-0.34757362969238675
13282,-0.43788499936427566
13286,0.5108456235659934
13308,1.0699727304589448
13337,1.1249295969854831
13352,0.7884573603642703
13354,-0.23483664990525574
13395,-0.7745741792556745
13413,1.091923300517313
13428,3.982727477956632
13429,0.781570060909842
13430,-0.0820781110356069
13434,1.757409541184643
13435,0.7277901240034849
13436,0.7866375236472843
13438,0.5232481437645479
13452,1.5073387394786457
13454,-1.098712293668443
13455,2.117351299753039
13456,2.38790003184585
13467,1.3014714966796124
13468,2.5234139675096205
13469,1.6314146452374694
13480,3.554207411195143
13481,1.8585298728619073
13492,1.7434966659794053
13493,0.910594539329274
13495,2.483831071561067
13496,1.3852187828929574
13498,2.623929188436803
13499,1.7695138602807354
13500,1.4922971704629586
13501,0.45253951549409327
13502,1.5553618022354292
13506,4.401186898836288
13507,2.669787428976878
13508,1.6370336240248997
13509,0.3584433793346931
13510,1.8162732040321314
13511,1.8162732040321314
13512,0.3839009301923238
13513,-0.7667937207282438
13543,0.7929925155296614
13544,0.2994377034626343
13545,2.3018748408246785
13546,0.3703904548246736
13547,0.3283680577231975
13548,-0.45129964445196374
13549,0.5500271059651277
13559,2.184319440897081
13560,0.5877866649021191
13561,1.028010981484563
13562,-0.07063707959944071
13563,-0.31320502968286684
13564,-0.3463003749401927
13570,0.30844012553629035
13571,0.30645475777506453
13572,0.297062934257533
13573,0.6906941743988785
13574,0.5770627015391433
13580,1.8467999009858658
13581,1.8959993572171783
13582,1.0451763495787834
13583,0.7408415064226069
13599,2.325011725555602
13600,1.689025131773189
13601,1.6854355266605654
13602,0.892776424809087
13611,2.539300133618332
13612,1.351469969965711
13613,1.0218032359811517
13619,0.36658567004724696
13620,0.3571848139329325
13623,1.9431205474465656
13632,-0.12897038129696006
13633,-0.8840655845794182
13634,-1.3878956424868645
13637,-0.3107460120503326
13654,0.5442410573053944
13660,2.89884134502446
13661,2.099084842558746
13670,3.6206461155373932
13671,3.30437806368144
13677,2.2646651334938084
13678,1.494543201548887
13679,-0.4770685269678572
13681,1.3998767020931573
13682,0.913205978912231
13699,4.038384253896428
13700,2.9397702026339205
13709,1.791759469228055
13717,0.9001206987115172
13718,0.18290472005453534
13719,-0.2565710774267282
13720,-0.8083335903690627
13721,-1.1059390640545705
13722,-0.2919578673145695
13723,1.5526982344414704
13724,0.7642578080178982
13728,0.950614860918109
13730,5.669133402277213
13735,0.9943992625404258
13736,-0.4070663894751383
13737,-0.45681103545975243
13753,-0.03614544663635326
13773,1.9719259276871244
13774,1.78679717739824
13775,1.6631682348550683
13776,1.371459872161435
13781,1.0540332452701424
13785,0.9552421780090956
13786,-0.012376271068055405
13787,-0.012376271068055405
13788,0.15862636328241952
13791,-0.6917481596462379
13792,-1.359457707166331
13793,-1.087375656742122
13800,3.278347782622587
13801,1.8197312523028037
13828,1.1267785359944595
13843,1.2209184130520776
13844,0.4204193998899752
13845,-0.15805830465827536
13846,-0.07095908894049392
13847,2.207295912969224
13848,2.150784981747971
13849,0.924734978656818
13850,0.7476353658440151
13853,1.6994248580252589
13854,0.7831249866781772
13866,0.6471032420585384
13867,1.071823313577895
13889,1.9500444481937682
13890,0.5005934531997417
13891,0.35634488947675036
13892,0.35634488947675036
13895,0.15392208227225673
13899,-0.2076393647782445
13914,-0.0779615414697118
13916,-1.5177707239082767
13930,0.9399681952285117
13931,2.0119252580716624
13932,1.2253330414472663
13933,0.8006553882752305
13934,0.3320338300222814
13950,0.27763173659827955
13951,-0.5007102900248978
13962,2.0199038289636397
13963,1.0074833552570077
13964,0.659176660988792
13965,4.077461169810484
13966,2.728453954875203
13967,1.5046772168482418
13968,0.6536264223976621
13975,2.098017927252771
13990,2.405944607984705
13991,1.3282149350430579
13992,1.083532491233016
13993,0.7098076214530525
13994,0.7716810582140522
13995,3.7462375702342796
13996,1.9742754515645833
13997,1.3253759461504735
13998,0.9524297784900283
14008,1.0839046597958353
14009,0.5478323493950864
14010,0.37596763731914123
14017,3.209189059278657
14018,2.2106561902240367
14048,0.5877866649021191
14050,2.8378379282810013
14051,1.7755962113856358
14052,1.4287310513171472
14053,1.0720287226850875
14054,2.636081477585118
14055,1.99835349616436
14065,0.8877677929409168
14066,0.46033200954900444
14084,1.7082872764762693
14085,0.6584522107630585
14086,0.0
14087,0.9162907318741551
14088,-0.8675005677047231
14089,1.8409781130155545
14090,0.895353060659275
14091,0.498348102254878
14106,1.8039021146744367
14107,1.0358499669317942
14108,0.8644077899944751
14109,0.33647223662121284
14118,0.7194482549793161
14121,0.1823215567939546
14153,2.6836482129431336
14154,1.585042755599379
14155,1.1842699720500676
14156,0.48261131728481815
14164,1.3543391898783392
14165,0.9574326752053303
14179,0.25549456819853583
14186,0.9635559243412692
14210,1.99638596654251
14235,0.7295755371734967
14236,0.588064404106793
14242,-2.4441486573158326
14243,-2.2576117273513145
14244,-2.6394574096365986
14251,-2.2452600263747766
14252,-2.115275994689052
14253,-3.23907853218572
14254,2.157328080336907
14255,1.6333887865898868
14256,1.1515525593786036
14267,-0.28037549726934285
14286,-0.7182598813750206
14289,1.9929300397318572
14290,1.6875464431003708
14291,1.6875464431003708
14292,1.7978575050231211
14293,1.8881902330647184
14294,0.7880481857546652
14295,0.6117201818642161
14296,0.6117201818642161
14323,2.3019348816524596
14324,1.9293887042160927
14325,0.5068176023684519
14332,3.4671910934959778
14333,2.42338579313975
14334,0.8865323097098795
14336,3.6764069953684606
14337,3.0386097541146584
14338,2.442807798766662
14347,1.9755799021457454
14348,0.8769676134776357
14349,0.38144560226394403
14393,4.535141421005833
14394,3.2412203169264244
14395,1.0220191798365887
14396,1.0628469322213672
14397,0.7716810582140522
14398,0.5683206476131003
14399,0.5423242908253617
14408,1.48448674701127
14416,2.6245381488731945
14417,1.4131310150734502
14418,0.8754687373538999
14430,2.648250655483445
14445,-3.7986943201211427
14446,-1.274037678774223
14455,3.2626247317982155
14456,2.3706268456441766
14457,1.1927399513928079
14462,1.5362433691310429
14463,0.637528756796933
14464,0.406797553341943
14477,2.0073142988935886
14482,0.5036801556051195
14483,1.7404310865056178
14484,0.652273101349973
14485,0.5133025536408833
14487,0.18248820957327538
14491,0.8064758658669486
14553,2.576801914492256
14554,1.6671972567902442
14555,1.2926428050384353
14556,-0.08784809057319515
14562,1.7968133435307339
14563,1.7259223274698317
14564,3.74867785234871
14565,2.0222625393926523
14566,2.2182791439407894
14567,1.6104174325476006
14568,1.4880835070219247
14569,2.016701402483644
14570,1.0800069443425402
14571,0.6893399422169912
14572,0.43799683311064913
14597,2.8625036922203586
14598,2.312456212789309
14599,1.7109831592007672
14643,1.3643043432282753
14687,4.375307864200401
14708,2.9269018888653444
14709,1.317453263828939
14716,-0.5828588266658222
14717,-0.6597124044737078
14718,-0.8381729526102031
14719,-1.2458370084246349
14720,-1.3306704573718935
14732,-0.3928944509343122
14735,-0.4453500418070793
14736,0.12786537099789588
14737,0.13741135582296024
14738,-0.518521830400461
14788,2.391483854419263
14789,1.921485714787635
14792,1.8145315395702524
14793,1.4443509825616996
14798,2.694289285852173
14799,0.7929472656371224
14805,0.27429283533276494
14806,0.8028084347694637
14807,0.6596938043007258
14808,2.491493243807808
14809,1.9318691772127001
14810,1.4589637990792657
14811,1.4507938189945022
14812,0.4907249520589878
14813,0.43106787548766895
14818,1.0897733400009053
14824,2.3031249472465127
14825,2.0008446632912245
14826,1.4719902899535127
14827,1.0570608615098744
14828,0.7225603411282949
14829,0.7196430443639105
14840,-4.919880930827792
14841,-4.656463480375642
14842,-4.645992180508347
14843,-4.840892519509161
14844,-4.840892519509161
14845,-5.083205986931091
14852,-0.916290731874155
14856,-0.7201073621427283
14857,1.3276318755544738
14858,0.861750065212962
14874,0.5581289688818573
14875,0.12142085520433943
14876,-0.42449503401496996
14892,0.20554968291316175
14893,1.1195906950533014
14894,0.48673782823690076
14895,-0.18657057108336955
14897,-3.0344731018704216
14901,4.094092863882064
14902,2.689777602714608
14907,2.2140707689633032
14908,1.6579804268932552
14909,0.6468937960424833
14915,-1.098712293668443
14916,0.044973365642731196
14917,0.03575316970581784
14918,-0.1804433217821823
14920,2.17405829930438
14921,1.5793497701168149
14922,0.8246577827621558
14940,2.276302717399851
14941,1.4961348267994228
14942,1.4961348267994228
14943,0.05477223584697948
14969,0.6941966296955167
14977,0.5108456235659934
14978,-0.6931471805599453
14987,2.0704386368768364
14988,0.6021277821727767
14992,3.067978513759764
14993,2.8178309331935276
14994,1.268917492966318
14995,1.1823405041988222
14996,1.1991511990467187
14997,1.1949522411048528
14998,1.8690753856601012
14999,1.1598641646998729
15000,0.8707911478027888
15001,-0.5579172312998412
15010,3.116887395110458
15011,2.831865377133349
15012,1.890578636842459
15015,1.2878542883066382
15021,0.7238703532027858
15022,0.6403791150212895
15028,-3.3410434588424085
15029,-2.291645152955711
15032,1.7182923173461824
15033,1.4951487660319727
15034,1.612931801688356
15035,1.0251451367862372
15036,0.36956155376181
15051,1.2114944457247823
15052,0.8750102989537393
15053,0.48692219968443157
15101,2.7553726219966075
15102,2.06221908288425
15103,1.699315178836775
15104,0.23680974207802444
15126,0.8932267922756034
15127,0.6463699890010164
15129,1.8826660279157308
15130,1.8616119711268884
15131,1.5267734375972577
15132,0.8876854748638205
15133,2.545029184795632
15134,2.0510163466627596
15135,1.5870491439556906
15136,0.7069514615363424
15137,2.423598461059596
15138,2.096384692410055
15139,1.1721415219562252
15140,1.1870504251299867
15155,4.633699332102065
15156,2.029883582831492
15162,3.1816390623826565
15163,2.007515802108247
15164,1.230283619115733
15190,1.1086616245211112
15219,0.534620272331708
15220,0.40945712937770185
15221,0.03787365242808149
15229,0.8109302162163288
15232,1.4131310150734502
15233,0.8440640658768058
15234,0.812307045729203
15235,0.7000234844993773
15236,0.3122527263859857
15243,0.6275414234619515
15244,-0.23914590879171552
15245,-1.086486108870269
15254,-0.8067639073469128
15255,-1.4841277214686537
15256,-1.774902352161632
15271,-0.0732160623312591
15284,1.715598108262491
15288,1.6894683123395888
15289,1.4271003555121442
15290,1.4090827227503218
15291,0.5319215320607236
15292,0.5816009058150329
15293,0.8760519006144807
15301,0.4913981260998923
15314,-1.5292413704398238
15332,8.104602436077187
15333,4.258007004326717
15334,3.542407550213679
15335,2.3558888650163565
15341,3.216837749402624
15342,2.260042869728371
15343,1.6829485633698753
15344,1.4191245057105932
15348,1.5131032079835864
15349,1.176652993670973
15350,1.164056649409079
15351,0.8611162311294995
15352,0.39595334773556884
15359,2.3399772122111084
15360,0.7713574410965056
15361,0.14392716880664302
15362,0.14392716880664302
15363,2.005835366681783
15364,1.1303693202813014
15365,1.0895379073924016
15366,1.0393929290081385
15367,0.41078426958576436
15368,-0.0943106794712413
15369,1.4096690324363412
15375,0.0
15390,0.3285120669400362
15391,-0.18236155759397593
15399,2.6519453497174372
15400,1.9807807548558656
15401,1.5701979990964967
15402,0.34642256747438094
15403,1.44253290756708
15428,0.26826986893031957
15442,1.598356742423283
15443,1.598356742423283
15444,0.3962225267412318
15449,1.1450186614822655
15450,0.2963940130538024
15452,2.703600315028579
15453,0.8960880245566356
15454,0.7757404788637986
15455,1.0232779237765026
15456,1.0189195197588612
15457,0.7680691070772047
15461,4.252044649728273
15462,4.025048073219444
15463,2.4290327047822933
15464,1.7591501856624272
15465,1.109651135783326
15466,0.40759616911711855
15472,1.7129326886820841
15473,0.8100854150278266
15474,0.8871502421277377
15475,0.8935951239419666
15476,0.5661089473892221
15477,0.4649910874221913
15483,2.860702616234117
15484,2.6936469707914665
15505,2.7213941071937904
15506,2.079541536680169
15507,1.1527847675565026
15510,1.7178078950999345
15511,1.1582010800797673
15514,0.18664552827400915
15515,-0.366436721140686
15516,-0.707246104939447
15517,-1.4138711288901251
15548,1.567469427611599
15549,1.2202397767898079
15550,-0.6931471805599453
15551,2.0487890165414013
15552,1.3111935886106403
15553,0.3780253923493827
15557,-0.4669682407022142
15558,-0.09849524674909922
15559,-0.5306882528622425
15568,1.907228719034169
15569,0.8540748446662274
15578,0.9364462380777194
15579,1.0259340631701241
15580,1.0206507471983977
15598,0.35781429463215847
15599,3.6457475020281365
15600,2.604295802355222
15601,1.0983789281083187
15602,0.34245430829876045
15613,2.7767301347403315
15614,2.233117108658858
15615,1.1384417908307256
15616,1.0629160240098354
15621,-0.12160282175924889
15623,1.8775395329069378
15624,0.7729744804194997
15644,1.5536503232903798
15645,1.1697539609392529
15646,0.8254903675476585
15647,-0.5178502387029551
15688,1.5493056693793454
15689,0.7508026930481079
15690,0.6939468607305095
15702,2.341257578975192
15703,1.9358020914782252
15704,1.8945567024827166
15714,2.2420810889030003
15715,1.7580303164839273
15716,1.0185584698217334
15717,0.6025658023287068
15719,2.5781540975620243
15720,1.3180422866036663
15723,1.3725756889789527
15739,0.38158216764483227
15740,-0.32034301469134213
15765,0.9245763114609278
15766,1.4160473192692384
15777,1.157101298354123
15778,1.278792665883399
15779,1.2171061827158989
15780,1.1079023355752025
15789,1.286418775692634
15798,1.841612560353917
15799,3.1187548919248513
15806,-0.1542006810773
15812,0.7444104744974869
15813,0.12698501175448876
15817,1.932129922075331
15818,1.2389827415153856
15822,1.2108391767432134
15830,1.2673700494557276
15831,0.7712649598238973
15832,0.4313927301180801
15833,2.000398334339383
15841,0.04478214277189325
15842,-0.15595230177388647
15843,-0.13650724465466313
15844,-0.5542551816933267
15849,-0.9342001524177229
15855,0.35192367451324563
15856,-0.8266785731844679
15857,-0.7601420493842237
15858,1.292478064915606
15886,2.3852428400082566
15887,2.074089746336424
15888,1.3795466464125088
15897,2.47005524493537
15898,1.4053368956972068
15915,1.9537082362140725
15916,1.0169321299920044
15919,-0.28369005118224344
15920,2.098201959397572
15921,3.7571804196224767
15922,1.4260197545929403
15923,0.40626478827872875
15924,-1.3428518032770538
15940,1.5389081462435732
15986,0.374180818068398
16001,0.9265974348627941
16012,1.7675863050343352
16032,1.9883673772804409
16033,0.168222632414453
16051,3.3583142366521117
16052,1.9351958121381094
16053,0.4725628516406586
16054,0.2556494628704688
16068,1.320421616969183
16069,0.8091063317275399
16073,0.014790085472635345
16086,0.5038614299643578
16087,0.12830526015292387
16088,-0.36614824573121396
16089,1.8551879995536944
16090,1.0002641656503335
16091,0.7142235061618617
16097,2.259959389434889
16098,2.0021554477197623
16099,0.11350724079359495
16101,3.2312035255567344
16102,2.7090164008475353
16112,-1.664950622364359
16113,-1.6276018830617716
16115,2.117074456486687
16116,0.9886113934537812
16135,1.975524428260063
16136,0.721345834918624
16156,1.2983097834513384
16157,0.5406368213376199
16187,0.9981287500897875
16188,-0.07235566219214039
16189,-0.07235566219214039
16197,2.1878922776846403
16198,1.2809338454620642
16208,1.1749558552554435
16209,0.590892946521189
16223,1.6275135591613306
16224,1.6275135591613306
16226,2.061341214648049
16227,1.6919759656800704
16228,1.0048875181047972
16232,2.287907908147895
16233,1.41140152191962
16237,-0.7533219035960154
16238,0.2931172749417203
16239,-0.02275698712261618
16247,1.0533708204224206
16248,2.7441892477180834
16249,2.465477452758059
16250,1.2597102090104377
16251,0.8243947171696181
16262,1.900613874140137
16281,4.576259263826916
16282,3.601126893424609
16283,1.8598541596933924
16284,1.5871718533799282
16289,1.468358102052248
16297,7.221380425773452
16304,-1.2503658438956466
16305,-1.640412716733531
16306,-0.3206185726980458
16307,-0.3206185726980458
16308,-0.008738065943285299
16309,2.0863054312011626
16337,-0.7068405076919477
16338,-0.7989522394569218
16339,-0.6086222254902574
16342,1.237968351583894
16350,1.651673307632858
16351,0.24114062801586433
16361,3.1683653818672624
16362,1.4476951522272292
16363,0.9368773654825435
16369,0.7716348336086865
16370,0.6318567121168378
16385,1.41240060820437
16386,1.5213714335656496
16387,0.1685606415439175
16388,0.1685606415439175
16389,0.1685606415439175
16394,1.7230165664963109
16395,1.6131709360232076
16396,1.547307156967594
16445,3.0650017734424444
16446,3.1546743136030893
16447,2.1430734019246094
16448,1.502498372996356
16500,2.278210429852391
16548,4.6051571859035905
16549,3.392133091492315
16550,0.5253200699164433
16600,1.4188825507130423
16601,0.38926797320559314
16602,1.060425707282869
16603,1.6544877569878091
16604,1.2962602384159096
16605,0.6961925387459055
16620,1.979648830325473
16621,1.5782980609927053
16622,1.4731140530724507
16627,1.0445432155442673
16628,1.295302344614133
16629,0.8240438553617119
16630,-0.1805631037790914
16631,3.9375094491926235
16632,3.5320443410844593
16633,2.7092228466179615
16634,2.0304613594581173
16651,2.4586396735372804
16652,0.92564682679818
16653,-0.30462479318209285
16664,1.6113361097171806
16697,2.1212310679902178
16698,1.9670843842867198
16699,1.0750706800850756
16779,3.35673683117392
16780,2.9440125724785555
16799,1.8660471871313036
16809,2.0148896871200415
16810,3.113506420281979
16811,2.4595802947586374
16812,1.4009859098628803
16842,4.094452889687802
16843,3.7000369768098134
16844,2.6848088682291276
16845,1.6583994904827626
